Name,Chemical Name (IAPUC),Chemical Formula,MW,SMILES
HZ-76,"2-(1,3-bis(didodecylamino)propan-2-yl) 1-(tert-butyl) (R)-pyrrolidine-1,2-dicarboxylate",C61H121N3O4,960.66,O=C(OC(CN(CCCCCCCCCCCC)CCCCCCCCCCCC)CN(CCCCCCCCCCCC)CCCCCCCCCCCC)[C@@H]1N(C(OC(C)(C)C)=O)CCC1
HZ-83,"2-((dodecanoyloxy)methyl)-2-(pyrrolidine-2-carboxamido)propane-1,3-diyl didodecanoate",C45H84N2O7,765.17,O=C(NC(COC(CCCCCCCCCCC)=O)(COC(CCCCCCCCCCC)=O)COC(CCCCCCCCCCC)=O)C1NCCC1
HZ-94,"2-(1-methylpyrrolidine-2-carboxamido)-2-((pentadecanoyloxy)methyl)propane-1,3-diyl dipentadecanoate",C55H104N2O7,905.44,O=C(NC(COC(CCCCCCCCCCCCCC)=O)(COC(CCCCCCCCCCCCCC)=O)COC(CCCCCCCCCCCCCC)=O)C1N(C)CCC1
HZ-82,"2-(((L-prolyl)oxy)methyl)propane-1,3-diyl (9Z,9'Z,12Z,12'Z)-bis(octadeca-9,12-dienoate)",C45H77NO6,728.11,O=C(OCC(COC(CCCCCCC/C=C\C/C=C\CCCCC)=O)COC(CCCCCCC/C=C\C/C=C\CCCCC)=O)[C@H]1NCCC1
HZ-88,"2-(((methyl-L-prolyl)oxy)methyl)propane-1,3-diyl (9Z,9'Z,12Z,12'Z)-bis(octadeca-9,12-dienoate)",C46H79NO6,742.14,O=C(OCC(COC(CCCCCCC/C=C\C/C=C\CCCCC)=O)COC(CCCCCCC/C=C\C/C=C\CCCCC)=O)[C@H]1N(C)CCC1
HZ-93,"3-(((9Z,12Z)-octadeca-9,12-dienoyl)oxy)-2-((stearoyloxy)methyl)propyl L-prolinate",C45H81NO6,732.14,O=C(OCC(COC(CCCCCCCCCCCCCCCCC)=O)COC(CCCCCCC/C=C\C/C=C\CCCCC)=O)[C@H]1NCCC1
HZ-89,"3-(((9Z,12Z)-octadeca-9,12-dienoyl)oxy)-2-((stearoyloxy)methyl)propyl methyl-L-prolinate",C46H83NO6,746.17,O=C(OCC(COC(CCCCCCCCCCCCCCCCC)=O)COC(CCCCCCC/C=C\C/C=C\CCCCC)=O)[C@H]1N(C)CCC1
HZ-134,"2-(((L-prolyl)oxy)methyl)propane-1,3-diyl dioleate",C45H81NO6,732.14,O=C(OCC(COC(CCCCCCC/C=C\CCCCCCCC)=O)COC(CCCCCCC/C=C\CCCCCCCC)=O)[C@H]1NCCC1
HZ-157,"3-(((9Z,12Z)-octadeca-9,12-dienoyl)oxy)-2-((oleoyloxy)methyl)propyl L-prolinate",C45H79NO6,730.13,O=C(OCC(COC(CCCCCCC/C=C\C/C=C\CCCCC)=O)COC(CCCCCCC/C=C\CCCCCCCC)=O)[C@H]1NCCC1
HZ-186,"3-(2-((3S,5S,7S)-adamantan-1-yl)acetoxy)-2-((((9Z,12Z)-octadeca-9,12-dienoyl)oxy)methyl)propyl L-prolinate",C39H63NO6,641.93,O=C(OCC(COC(CC12C[C@H](C[C@H](C2)C3)C[C@H]3C1)=O)COC(CCCCCCC/C=C\C/C=C\CCCCC)=O)[C@H]4NCCC4
HZ-155,"(S)-2-((prolyloxy)methyl)propane-1,3-diyl didodecanoate",C33H61NO6,567.85,O=C(OCC(COC(CCCCCCCCCCC)=O)COC(CCCCCCCCCCC)=O)[C@H]1NCCC1
HZ-161,3-(oleoyloxy)-2-((stearoyloxy)methyl)propyl L-prolinate,C45H83NO6,734.16,O=C(OCC(COC(CCCCCCCCCCCCCCCCC)=O)COC(CCCCCCC/C=C\CCCCCCCC)=O)[C@H]1NCCC1
HZ-104,"2-(((L-methionyl)oxy)methyl)propane-1,3-diyl (9Z,9'Z,12Z,12'Z)-bis(octadeca-9,12-dienoate)",C45H79NO6S,762.19,CSCC[C@H](N)C(OCC(COC(CCCCCCC/C=C\C/C=C\CCCCC)=O)COC(CCCCCCC/C=C\C/C=C\CCCCC)=O)=O
HZ-108,"2-(((L-methionyl)oxy)methyl)propane-1,3-diyl (9Z,9'Z,12Z,12'Z)-bis(octadeca-9,12-dienoate)",C45H79NO6S, 762.19,CSCC[C@H](N)C(OCC(COC(CCCCCCC/C=C\C/C=C\CCCCC)=O)COC(CCCCCCC/C=C\C/C=C\CCCCC)=O)=O
HZ-242,"3-((L-methionyl)oxy)-2-((stearoyloxy)methyl)propyl (9Z,12Z)-octadeca-9,12-dienoate",C45H83NO6S,766.22,CSCC[C@H](N)C(OCC(COC(CCCCCCCCCCCCCCCCC)=O)COC(CCCCCCC/C=C\C/C=C\CCCCC)=O)=O
HZ-244,"3-((dimethyl-L-methionyl)oxy)-2-((stearoyloxy)methyl)propyl (9Z,12Z)-octadeca-9,12-dienoate",C47H87NO6S,794.27,CSCC[C@H](N(C)C)C(OCC(COC(CCCCCCCCCCCCCCCCC)=O)COC(CCCCCCC/C=C\C/C=C\CCCCC)=O)=O
HZ-108,"3-((L-methionyl)oxy)-2-((2-((3S,5S,7S)-adamantan-1-yl)acetoxy)methyl)propyl (9Z,12Z)-octadeca-9,12-dienoate",C39H65NO6S,676.01,CSCC[C@H](N)C(OCC(COC(CC(C1)(C2)C[C@@H]3C[C@H]2C[C@H]1C3)=O)COC(CCCCCCC/C=C\C/C=C\CCCCC)=O)=O
HZ-126,"2-(((L-methionyl)oxy)methyl)propane-1,3-diyl dioleate",C45H83NO6S,766.22,CSCC[C@H](N)C(OCC(COC(CCCCCCC/C=C\CCCCCCCC)=O)COC(CCCCCCC/C=C\CCCCCCCC)=O)=O
HZ-194,"2-(((L-methionyl)oxy)methyl)propane-1,3-diyl didodecanoate",C33H63NO6S,601.93,CSCC[C@H](N)C(OCC(COC(CCCCCCCCCCC)=O)COC(CCCCCCCCCCC)=O)=O
HZ-187,"1,3-bis(didodecylamino)propan-2-yl L-methioninate",C56H115N3O2S, 894.62,N[C@@H](CCSC)C(OC(CN(CCCCCCCCCCCC)CCCCCCCCCCCC)CN(CCCCCCCCCCCC)CCCCCCCCCCCC)=O
HZ-212,dodecyl didodecyl-L-argininate,C42H86N4O2,679.18,NC(NCCC[C@H](N(CCCCCCCCCCCC)CCCCCCCCCCCC)C(OCCCCCCCCCCCC)=O)=N
HZ-237,dodecyl di((Z)-hexadec-11-en-1-yl)-L-argininate,C50H98N4O2,787.36,NC(NCCC[C@H](N(CCCCCCCCCC/C=C\CCCC)CCCCCCCCCC/C=C\CCCC)C(OCCCCCCCCCCCC)=O)=N
HZ-226,methyl didodecyl-L-argininate,C31H64N4O2,524.88,NC(NCCC[C@H](N(CCCCCCCCCCCC)CCCCCCCCCCCC)C(OC)=O)=N
HZ-248,methyl di((Z)-hexadec-11-en-1-yl)-L-argininate,C39H76N4O2,633.06,NC(NCCC[C@H](N(CCCCCCCCCC/C=C\CCCC)CCCCCCCCCC/C=C\CCCC)C(OC)=O)=N
HZ-233,"dodecyl di((9Z,12Z)-octadeca-9,12-dien-1-yl)-L-argininate",C54H102N4O2,839.44,NC(NCCC[C@H](N(CCCCCCCC/C=C\C/C=C\CCCCC)CCCCCCCC/C=C\C/C=C\CCCCC)C(OCCCCCCCCCCCC)=O)=N
HZ-238,dodecyl didecyl-L-argininate,C38H78N4O2,623.07,NC(NCCC[C@H](N(CCCCCCCCCC)CCCCCCCCCC)C(OCCCCCCCCCCCC)=O)=N
HZ-249,"methyl di((9Z,12Z)-octadeca-9,12-dien-1-yl)-L-argininate",C43H80N4O2,685.14,NC(NCCC[C@H](N(CCCCCCCC/C=C\C/C=C\CCCCC)CCCCCCCC/C=C\C/C=C\CCCCC)C(OC)=O)=N
HZ-253,methyl didecyl-L-argininate,C27H56N4O2,468.77,NC(NCCC[C@H](N(CCCCCCCCCC)CCCCCCCCCC)C(OC)=O)=N
KB-1,(R)-1-(diethylamino)undecan-2-ol,C15H33NO,243.44,CCN(C[C@H](CCCCCCCCC)O)CC
KB-2,(S)-1-(diethylamino)undecan-2-ol,C15H33NO,243.44,CCN(C[C@@H](CCCCCCCCC)O)CC
KB-3,(R)-1-(diethylamino)undecan-2-ol,C16H35NO,257.46,CCN(C[C@H](CCCCCCCCCC)O)CC
KB-4,(S)-1-(diethylamino)dodecan-2-ol,C16H35NO,257.46,CCN(C[C@@H](CCCCCCCCCC)O)CC
KB-5,(R)-1-(diethylamino)dodecan-2-ol,C18H39NO,285.52,CCN(C[C@H](CCCCCCCCCCCC)O)CC
KB-6,(S)-1-(diethylamino)tetradecan-2-ol,C18H39NO,285.52,CCN(C[C@@H](CCCCCCCCCCCC)O)CC
KB-7,(R)-1-(diethylamino)tetradecan-2-ol,C19H41NO,299.54,CCN(C[C@H](CCCCCCCCCCCCC)O)CC
KB-8,(S)-1-(diethylamino)pentadecan-2-ol,C19H41NO,299.54,CCN(C[C@@H](CCCCCCCCCCCCC)O)CC
KC-1,(R)-1-(diethylamino)pentadecan-2-ol,C50H98N6O4,847.37,O=C1N[C@H](CCC(NCCN(CCCCCCCCC)CCCCCCCCC)=O)C(N[C@@H]1CCC(NCCN(CCCCCCCCC)CCCCCCCCC)=O)=O
KC-2,"3,3'-((2R,5R)-3,6-dioxopiperazine-2,5-diyl)bis(N-(2-(dinonylamino)ethyl)propanamide)",C58H114N6O4,959.59,O=C1N[C@H](CCC(NCCN(CCCCCCCCCCC)CCCCCCCCCCC)=O)C(N[C@@H]1CCC(NCCN(CCCCCCCCCCC)CCCCCCCCCCC)=O)=O
KC-3,"3,3'-((2R,5R)-3,6-dioxopiperazine-2,5-diyl)bis(N-(2-(diundecylamino)ethyl)propanamide)",C66H130N6O4,1071.8,O=C1N[C@H](CCC(NCCN(CCCCCCCCCCCCC)CCCCCCCCCCCCC)=O)C(N[C@@H]1CCC(NCCN(CCCCCCCCCCCCC)CCCCCCCCCCCCC)=O)=O
KC-4,"3,3'-((2R,5R)-3,6-dioxopiperazine-2,5-diyl)bis(N-(2-(ditridecylamino)ethyl)propanamide)",C74H146N6O4,1184.02,O=C1N[C@H](CCC(NCCN(CCCCCCCCCCCCCCC)CCCCCCCCCCCCCCC)=O)C(N[C@@H]1CCC(NCCN(CCCCCCCCCCCCCCC)CCCCCCCCCCCCCCC)=O)=O
KC-5,"3,3'-((2R,5R)-3,6-dioxopiperazine-2,5-diyl)bis(N-(2-(dipentadecylamino)ethyl)propanamide)",C52H102N6O4,875.43,O=C1N[C@H](CCC(NCCCN(CCCCCCCCC)CCCCCCCCC)=O)C(N[C@@H]1CCC(NCCCN(CCCCCCCCC)CCCCCCCCC)=O)=O
KC-6,"3,3'-((2R,5R)-3,6-dioxopiperazine-2,5-diyl)bis(N-(3-(dinonylamino)propyl)propanamide)",C60H118N6O4,987.64,O=C1N[C@H](CCC(NCCCN(CCCCCCCCCCC)CCCCCCCCCCC)=O)C(N[C@@H]1CCC(NCCCN(CCCCCCCCCCC)CCCCCCCCCCC)=O)=O
KC-7,"3,3'-((2R,5R)-3,6-dioxopiperazine-2,5-diyl)bis(N-(3-(diundecylamino)propyl)propanamide)",C72H142N6O4,1155.97,O=C1N[C@H](CCC(NCCCN(CCCCCCCCCCCCCC)CCCCCCCCCCCCCC)=O)C(N[C@@H]1CCC(NCCCN(CCCCCCCCCCCCCC)CCCCCCCCCCCCCC)=O)=O
KC-8,"3,3'-((2R,5R)-3,6-dioxopiperazine-2,5-diyl)bis(N-(3-(ditetradecylamino)propyl)propanamide)",C80H158N6O4,1268.18,O=C1N[C@H](CCC(NCCCN(CCCCCCCCCCCCCCCC)CCCCCCCCCCCCCCCC)=O)C(N[C@@H]1CCC(NCCCN(CCCCCCCCCCCCCCCC)CCCCCCCCCCCCCCCC)=O)=O
gan-1-46,"3,6-bis(4-(bis(2-hydroxydecyl)amino)butyl)-1,4-bis(2-hydroxydecyl)piperazine-2,5-dione",C72H144N4O8,1193.964,O=C(N(CC(CCCCCCCC)O)C1CCCCN(CC(CCCCCCCC)O)CC(O)CCCCCCCC)C(CCCCN(CC(O)CCCCCCCC)CC(CCCCCCCC)O)N(CC(CCCCCCCC)O)C1=O
gan-1-52,"3,6-bis(4-(bis(2-hydroxydodecyl)amino)butyl)-1,4-bis(2-hydroxydodecyl)piperazine-2,5-dione",C84H168N4O8,1362.288,O=C(N(CC(CCCCCCCCCC)O)C1CCCCN(CC(CCCCCCCCCC)O)CC(O)CCCCCCCCCC)C(CCCCN(CC(O)CCCCCCCCCC)CC(CCCCCCCCCC)O)N(CC(CCCCCCCCCC)O)C1=O
gan-1-47,"3,6-bis(4-(bis(2-hydroxytetradecyl)amino)butyl)-1,4-bis(2-hydroxytetradecyl)piperazine-2,5-dione", C96H192N4O8,1530.612,O=C(N(CC(CCCCCCCCCCCC)O)C1CCCCN(CC(CCCCCCCCCCCC)O)CC(O)CCCCCCCCCCCC)C(CCCCN(CC(O)CCCCCCCCCCCC)CC(CCCCCCCCCCCC)O)N(CC(CCCCCCCCCCCC)O)C1=O
gan-1-48,"3,6-bis(4-(bis(2-hydroxyhexadecyl)amino)butyl)-1,4-bis(2-hydroxyhexadecyl)piperazine-2,5-dione",C108H216N4O8,1698.936,O=C(N(CC(CCCCCCCCCCCCCC)O)C1CCCCN(CC(CCCCCCCCCCCCCC)O)CC(O)CCCCCCCCCCCCCC)C(CCCCN(CC(O)CCCCCCCCCCCCCC)CC(CCCCCCCCCCCCCC)O)N(CC(CCCCCCCCCCCCCC)O)C1=O
gan-1-49,"3,6-bis(4-(bis(2-hydroxyoctadecyl)amino)butyl)-1,4-bis(2-hydroxyoctadecyl)piperazine-2,5-dione",C120H240N4O8,1867.26,O=C(N(CC(CCCCCCCCCCCCCCCC)O)C1CCCCN(CC(CCCCCCCCCCCCCCCC)O)CC(O)CCCCCCCCCCCCCCCC)C(CCCCN(CC(O)CCCCCCCCCCCCCCCC)CC(CCCCCCCCCCCCCCCC)O)N(CC(CCCCCCCCCCCCCCCC)O)C1=O
gan-1-38,"3,6-bis(4-(bis(2-hydroxydodecyl)amino)butyl)piperazine-2,5-dione",C60H120N4O6,993.642,O=C(NC1CCCCN(CC(CCCCCCCCCC)O)CC(O)CCCCCCCCCC)C(CCCCN(CC(O)CCCCCCCCCC)CC(CCCCCCCCCC)O)NC1=O
gan-1-66,"3,6-bis(4-(bis(2-hydroxydecyl)amino)butyl)piperazine-2,5-dione",C52H104N4O6,881.426,O=C(NC1CCCCN(CC(CCCCCCCC)O)CC(O)CCCCCCCC)C(CCCCN(CC(O)CCCCCCCC)CC(CCCCCCCC)O)NC1=O
gan-1-69,"3,6-bis(4-(bis(2-hydroxytetradecyl)amino)butyl)piperazine-2,5-dione",C68H136N4O6,1105.858,O=C(NC1CCCCN(CC(CCCCCCCCCCCC)O)CC(O)CCCCCCCCCCCC)C(CCCCN(CC(O)CCCCCCCCCCCC)CC(CCCCCCCCCCCC)O)NC1=O
gan-1-68,"3,6-bis(4-(bis(2-hydroxypentadecyl)amino)butyl)piperazine-2,5-dione",C72H144N4O6,1161.966,O=C(NC1CCCCN(CC(CCCCCCCCCCCCC)O)CC(O)CCCCCCCCCCCCC)C(CCCCN(CC(O)CCCCCCCCCCCCC)CC(CCCCCCCCCCCCC)O)NC1=O
gan-1-70,"3,6-bis(4-(bis(2-hydroxyhexadecyl)amino)butyl)piperazine-2,5-dione",C76H152N4O6,1218.074,O=C(NC1CCCCN(CC(CCCCCCCCCCCCCC)O)CC(O)CCCCCCCCCCCCCC)C(CCCCN(CC(O)CCCCCCCCCCCCCC)CC(CCCCCCCCCCCCCC)O)NC1=O
gan-1-71,"3,6-bis(4-(bis(2-hydroxyoctadecyl)amino)butyl)piperazine-2,5-dione",C84H168N4O6,1330.29,O=C(NC1CCCCN(CC(CCCCCCCCCCCCCC)O)CC(O)CCCCCCCCCCCCCC)C(CCCCN(CC(O)CCCCCCCCCCCCCC)CC(CCCCCCCCCCCCCC)O)NC1=O
gan-1-57,"3,6-bis(4-(bis(2-hydroxydodecyl)amino)butyl)-1,4-bis(2-hydroxydodecyl)piperazine-2,5-dione",C84H168N4O8,1362.288,O=C(N(CC(CCCCCCCCCC)O)C1CCCCN(CC(CCCCCCCCCC)O)CC(O)CCCCCCCCCC)C(CCCCN(CC(O)CCCCCCCCCC)CC(CCCCCCCCCC)O)N(CC(CCCCCCCCCC)O)C1=O
gan-1-58,"1,1',1'',1'''-([1,1'-biphenyl]-4,4'-diylbis(azanetriyl))tetrakis(dodecan-2-ol)",C60H108N2O4, 921.5340,OC(CCCCCCCCCC)CN(C(C=C1)=CC=C1C2=CC=C(N(CC(O)CCCCCCCCCC)CC(CCCCCCCCCC)O)C=C2)CC(O)CCCCCCCCCC
gan-1-65,"1,1',1'',1'''-((1,2-phenylenebis(methylene))bis(azanetriyl))tetrakis(dodecan-2-ol)",C56H108N2O4,873.49,OC(CCCCCCCCCC)CN(CC1=C(CN(CC(O)CCCCCCCCCC)CC(CCCCCCCCCC)O)C=CC=C1)CC(O)CCCCCCCCCC
gan-1-63,"1,1',1'',1'''-((oxybis(propane-3,1-diyl))bis(azanetriyl))tetrakis(dodecan-2-ol)",C54H112N2O5, 869.4990,OC(CCCCCCCCCC)CN(CCCOCCCN(CC(O)CCCCCCCCCC)CC(CCCCCCCCCC)O)CC(O)CCCCCCCCCC
gan-1-62,"13,26-bis(2-hydroxydodecyl)-17,22-dioxa-13,26-diazaoctatriacontane-11,28-diol",C58H120N2O6,941.606,OC(CCCCCCCCCC)CN(CCCOCCCCOCCCN(CC(O)CCCCCCCCCC)CC(CCCCCCCCCC)O)CC(O)CCCCCCCCCC
gan-1-72,"1,1'-(((1H-benzo[d]imidazol-2-yl)methyl)azanediyl)bis(dodecan-2-ol)",C32H57N3O2,515.827,OC(CCCCCCCCCC)CN(CC1=NC2=CC=CC=C2N1)CC(O)CCCCCCCCCC
gan-1-79,"1,1',1'',1'''-((thiobis(ethane-2,1-diyl))bis(azanetriyl))tetrakis(dodecan-2-ol)",C52H108N2O4S,857.506,OC(CCCCCCCCCC)CN(CC(O)CCCCCCCCCC)CCSCCN(CC(O)CCCCCCCCCC)CC(O)CCCCCCCCCC
gan-1-61,"1,1',1'',1'''-([1,1'-biphenyl]-2,2'-diylbis(azanetriyl))tetrakis(dodecan-2-ol)",C60H108N2O4,921.534,OC(CCCCCCCCCC)CN(C1=C(C2=C(N(CC(O)CCCCCCCCCC)CC(CCCCCCCCCC)O)C=CC=C2)C=CC=C1)CC(O)CCCCCCCCCC
gan-1-76-p3,"3-(4-((2-((3r,5r,7r)-adamantan-1-yl)-2-hydroxyethyl)amino)butyl)-6-(4-(bis(2-((3R,5R,7R)-adamantan-1-yl)-2-hydroxyethyl)amino)butyl)piperazine-2,5-dione", C48H78N4O5,791.175,OC(CNCCCCC1NC(C(CCCCN(CC(O)[C@]23C[C@@H]4C[C@@H](C[C@@H](C4)C3)C2)CC(O)[C@]56C[C@@H]7C[C@@H](C[C@@H](C7)C6)C5)NC1=O)=O)[C@]89C[C@@H]%10C[C@@H](C[C@@H](C%10)C9)C8
gan-1-76-p1,"3,6-bis(4-(bis(2-((3R,5R,7R)-adamantan-1-yl)-2-hydroxyethyl)amino)butyl)piperazine-2,5-dione",C60H96N4O6,969.45,OC(CN(CC(O)C12C[C@@H]3C[C@@H](C[C@@H](C3)C2)C1)CCCCC4NC(C(CCCCN(CC(O)C56C[C@@H]7C[C@@H](C[C@@H](C7)C6)C5)CC(O)C89C[C@@H]%10C[C@@H](C[C@@H](C%10)C9)C8)NC4=O)=O)C%11%12C[C@@H]%13C[C@@H](C[C@@H](C%13)C%12)C%11
gan-1-82,"1-((((1R,4aS,10aR)-7-isopropyl-1,4a-dimethyl-1,2,3,4,4a,9,10,10a-octahydrophenanthren-1-yl)methyl)amino)dodecan-2-ol",C32H55NO, 469.7980,C[C@@]12C3=CC=C(C(C)C)C=C3CC[C@@]1([H])[C@](C)(CNCC(O)CCCCCCCCCC)CCC2
gan-1-83,"1,1',1'',1'''-((cyclohexane-1,1-diylbis(methylene))bis(azanetriyl))tetrakis(dodecan-2-ol)",C56H114N2O4,879.538,OC(CCCCCCCCCC)CN(CC(O)CCCCCCCCCC)CC1(CN(CC(CCCCCCCCCC)O)CC(O)CCCCCCCCCC)CCCCC1
gan-1-85,"1,1',1''-(1,4,7-triazonane-1,4,7-triyl)tris(dodecan-2-ol)",C42H87N3O3,682.176,OC(CCCCCCCCCC)CN1CCN(CC(CCCCCCCCCC)O)CCN(CC(CCCCCCCCCC)O)CC1
gan-1-86,"1,1',1'',1'''-(1,4,8,11-tetraazacyclotetradecane-1,4,8,11-tetrayl)tetrakis(dodecan-2-ol)",C58H120N4O4,937.622,OC(CN1CCCN(CC(CCCCCCCCCC)O)CCN(CC(CCCCCCCCCC)O)CCCN(CC(CCCCCCCCCC)O)CC1)CCCCCCCCCC
gan-1-87,"1,1'-((4-(4,4,5,5-tetramethyl-1,3,2-dioxaborolan-2-yl)benzyl)azanediyl)bis(dodecan-2-ol)",C37H68BNO4,601.764,CC(OB1C2=CC=C(CN(CC(CCCCCCCCCC)O)CC(CCCCCCCCCC)O)C=C2)(C(C)(C)O1)C
gan-1-88,"1,1',1'',1'''-(1,4,7,10-tetraazacyclododecane-1,4,7,10-tetrayl)tetrakis(dodecan-2-ol)",C56H116N4O4,909.568,OC(CCCCCCCCCC)CN1CCN(CC(CCCCCCCCCC)O)CCN(CC(CCCCCCCCCC)O)CCN(CC(CCCCCCCCCC)O)CC1
gan-1-107,"2-((((3-(4-methylpiperazin-1-yl)propoxy)carbonyl)oxy)methyl)propane-1,3-diyl (9Z,9'Z,12Z,12'Z)-bis(octadeca-9,12-dienoate)",C49H86N2O7,815.234,CCCCC/C=C\C/C=C\CCCCCCCC(OCC(COC(OCCCN1CCN(C)CC1)=O)COC(CCCCCCC/C=C\C/C=C\CCCCC)=O)=O
gan-1-106,"2-((((3-(pyrrolidin-1-yl)propoxy)carbonyl)oxy)methyl)propane-1,3-diyl (9Z,9'Z,12Z,12'Z)-bis(octadeca-9,12-dienoate)",C48H83NO7,786.192,CCCCC/C=C\C/C=C\CCCCCCCC(OCC(COC(OCCCN1CCCC1)=O)COC(CCCCCCC/C=C\C/C=C\CCCCC)=O)=O
gan-1-33,"2-((((3-(diethylamino)propoxy)carbonyl)oxy)methyl)propane-1,3-diyl (9Z,9'Z,12Z,12'Z)-bis(octadeca-9,12-dienoate)",C48H85NO7,788.208,CCCCC/C=C\C/C=C\CCCCCCCC(OCC(COC(OCCCN(CC)CC)=O)COC(CCCCCCC/C=C\C/C=C\CCCCC)=O)=O
gan-1-105,"3-((4,4-bis(octyloxy)butanoyl)oxy)-2-((((3-(diethylamino)propoxy)carbonyl)oxy)methyl)propyl (9Z,12Z)-octadeca-9,12-dienoate",C50H93NO9,852.292,O=C(OCC(COC(OCCCN(CC)CC)=O)COC(CCCCCCC/C=C\C/C=C\CCCCC)=O)CCC(OCCCCCCCC)OCCCCCCCC
gan-2-2,"3-(2-((3r,5r,7r)-adamantan-1-yl)acetoxy)-2-((((3-(diethylamino)propoxy)carbonyl)oxy)methyl)propyl (9Z,12Z)-octadeca-9,12-dienoate",C42H71NO7,702.03,O=C(CCCCCCC/C=C\C/C=C\CCCCC)OCC(COC(OCCCN(CC)CC)=O)COC(CC1(C[C@H]2C3)C[C@H]3C[C@H](C2)C1)=O
gan-1-114,"1,1',1'',1'''-(1,4,8,12-tetraazacyclopentadecane-1,4,8,12-tetrayl)tetrakis(dodecan-2-ol)",C59H122N4O4,951.649,OC(CCCCCCCCCC)CN1CCCN(CC(CCCCCCCCCC)O)CCN(CC(CCCCCCCCCC)O)CCCN(CC(O)CCCCCCCCCC)CCC1
gan-1-93,"(3R,6R)-6-decyl-4-(2-hydroxydodecyl)-3-(((2-hydroxydodecyl)oxy)methyl)morpholin-2-one",C39H77NO5,640.047,O=C1[C@H](N(CC(CCCCCCCCCC)O)C[C@H](O1)CCCCCCCCCC)COCC(O)CCCCCCCCCC
gan-1-91,"(3S,6S)-6-decyl-4-(2-hydroxydodecyl)-3-(prop-2-yn-1-yl)morpholin-2-one",C29H53NO3,463.747,O=C1[C@@H](N(C[C@@H](O1)CCCCCCCCCC)CC(O)CCCCCCCCCC)CC#C
gan-2-3,"2-(((imidazo[2,1-b]thiazole-6-carbonyl)oxy)methyl)propane-1,3-diyl (9Z,9'Z,12Z,12'Z)-bis(octadeca-9,12-dienoate)",C46H72N2O6S,781.15,CCCCC/C=C\C/C=C\CCCCCCCC(OCC(COC(C1=CN(C=CS2)C2=N1)=O)COC(CCCCCCC/C=C\C/C=C\CCCCC)=O)=O
gn-2-6,"2-(((1H-indazole-3-carbonyl)oxy)methyl)propane-1,3-diyl (9Z,9'Z,12Z,12'Z)-bis(octadeca-9,12-dienoate)",C48H74N2O6,775.128,CCCCC/C=C\C/C=C\CCCCCCCC(OCC(COC(C1=NNC2=C1C=CC=C2)=O)COC(CCCCCCC/C=C\C/C=C\CCCCC)=O)=O
gan-2-7,"2-(((2-aminopyrimidine-5-carbonyl)oxy)methyl)propane-1,3-diyl (9Z,9'Z,12Z,12'Z)-bis(octadeca-9,12-dienoate)",C45H73N3O6,752.094,CCCCC/C=C\C/C=C\CCCCCCCC(OCC(COC(C1=CN=C(N)N=C1)=O)COC(CCCCCCC/C=C\C/C=C\CCCCC)=O)=O
gan-2-8,CCCCC/C=C\C/C=C\CCCCCCCC(OCC(COC(C1=CN=C(N)N=C1)=O)COC(CCCCCCC/C=C\C/C=C\CCCCC)=O)=O,C45H72N2O6,737.079,CCCCC/C=C\C/C=C\CCCCCCCC(OCC(COC(C1=CN=CC=N1)=O)COC(CCCCCCC/C=C\C/C=C\CCCCC)=O)=O
gan-2-9,"2-(((quinoxaline-6-carbonyl)oxy)methyl)propane-1,3-diyl (9Z,9'Z,12Z,12'Z)-bis(octadeca-9,12-dienoate)",C49H74N2O6, 787.1390,CCCCC/C=C\C/C=C\CCCCCCCC(OCC(COC(C1=CC=C(N=CC=N2)C2=C1)=O)COC(CCCCCCC/C=C\C/C=C\CCCCC)=O)=O
gan-2-13,"(4-((3-(((9Z,12Z)-octadeca-9,12-dienoyl)oxy)-2-((((9Z,12Z)-octadeca-9,12-dienoyl)oxy)methyl)propoxy)carbonyl)phenyl)boronic acid",C47H75BO8,778.919,CCCCC/C=C\C/C=C\CCCCCCCC(OCC(COC(C1=CC=C(B(O)O)C=C1)=O)COC(CCCCCCC/C=C\C/C=C\CCCCC)=O)=O
gan-2-5,"2-(((3-((tert-butoxycarbonyl)amino)propanoyl)oxy)methyl)propane-1,3-diyl (9Z,9'Z,12Z,12'Z)-bis(octadeca-9,12-dienoate)",C48H83NO8,802.191,CCCCC/C=C\C/C=C\CCCCCCCC(OCC(COC(CCNC(OC(C)(C)C)=O)=O)COC(CCCCCCC/C=C\C/C=C\CCCCC)=O)=O
gan-2-10,"2-(((3-aminopropanoyl)oxy)methyl)propane-1,3-diyl (9Z,9'Z,12Z,12'Z)-bis(octadeca-9,12-dienoate)",C43H75NO6,702.074,CCCCC/C=C\C/C=C\CCCCCCCC(OCC(COC(CCN)=O)COC(CCCCCCC/C=C\C/C=C\CCCCC)=O)=O
gan-2-4,"(S)-1-(10-((R)-2-hydroxydodecyl)-1,7-dioxa-4,10-diazacyclododecan-4-yl)dodecan-2-ol", C32H66N2O4,542.89,O[C@@H](CCCCCCCCCC)CN1CCOCCN(C[C@H](O)CCCCCCCCCC)CCOCC1
gan-1-110,"(2R,2'R,2''R)-1,1',1''-nitrilotris(dodecan-2-ol)",C36H75NO3,570,O[C@@H](CCCCCCCCCC)CN1CCOCCN(C[C@H](O)CCCCCCCCCC)CCOCC1
gan-2-15,"N2,N3-didodecylquinoxaline-2,3-diamine",C32H56N4,496.828,O[C@H](CCCCCCCCCC)CN(C[C@H](O)CCCCCCCCCC)C[C@H](O)CCCCCCCCCC
gan-2-29,"1-(1,4,7-trioxa-10-azacyclododecan-10-yl)dodecan-2-ol",C20H41NO4,359.551,OC(CCCCCCCCCC)CN1CCOCCOCCOCC1
gan-2-22,"1-(1,4,7,10-tetraoxa-13-azacyclopentadecan-13-yl)dodecan-2-ol",C22H45NO5,403.604,OC(CCCCCCCCCC)CN1CCOCCOCCOCCOCC1
gan-2-23,"1-(1,4,7,10,13-pentaoxa-16-azacyclooctadecan-16-yl)dodecan-2-ol",C24H49NO6,447.657,OC(CCCCCCCCCC)CN1CCOCCOCCOCCOCCOCC1
gan-2-21,"1,1',1'',1'''-(1,4,7,10-tetraazacyclotridecane-1,4,7,10-tetrayl)tetrakis(dodecan-2-ol)",C57H118N4O4,923.595,OC(CCCCCCCCCC)CN1CCCN(CC(CCCCCCCCCC)O)CCN(CC(CCCCCCCCCC)O)CCN(CC(CCCCCCCCCC)O)CC1
gan-2-47,"1,1',1'',1''',1''''-(1,4,7,10,13-pentaazacyclopentadecane-1,4,7,10,13-pentayl)pentakis(dodecan-2-ol)",C70H145N5O5,1136.96,OC(CCCCCCCCCC)CN1CCCN(CC(CCCCCCCCCC)O)CCN(CC(CCCCCCCCCC)O)CCN(CC(CCCCCCCCCC)O)CC1
gan-2-33,"1,1',1'',1''',1'''',1'''''-(1,4,7,10,13,16-hexaazacyclooctadecane-1,4,7,10,13,16-hexayl)hexakis(dodecan-2-ol)",C84H174N6O6,1364.352,OC(CCCCCCCCCC)CN1CCN(CC(CCCCCCCCCC)O)CCN(CC(O)CCCCCCCCCC)CCN(CC(CCCCCCCCCC)O)CCN(CC(O)CCCCCCCCCC)CCN(CC(CCCCCCCCCC)O)CC1
gan-2-24,"(9aS)-3-decyl-8-(2-hydroxydodecyl)hexahydropyrazino[2,1-c][1,4]oxazin-1(6H)-one",C29H56N2O3,480.778,O=C(O1)[C@@H]2CN(CC(CCCCCCCCCC)O)CCN2CC1CCCCCCCCCC
gan-2-18,"(7R)-3-decyl-7-((2-hydroxydodecyl)oxy)hexahydro-1H-pyrrolo[2,1-c][1,4]oxazin-1-one",C29H55NO4,481.762,O=C1OC(CCCCCCCCCC)CN2C[C@H](OCC(CCCCCCCCCC)O)CC21
gan-2-41,"N-dodecyl-[1,2,4]triazolo[4,3-a]pyrazin-8-amine",C17H29N5,303.454,O=C1OC(CCCCCCCCCC)CN2C[C@H](OCC(CCCCCCCCCC)O)CC21
gan-2-38,"(2R,3R,4S,5R)-2-(6-(dodecylamino)-9H-purin-9-yl)-5-(hydroxymethyl)tetrahydrofuran-3,4-diol",C22H37N5O4,435.569,OC[C@@H]1[C@H]([C@H]([C@H](N2C=NC3=C2N=CN=C3NCCCCCCCCCCCC)O1)O)O
gan-2-30,"2-((((2-(4-(2-hydroxyethyl)piperazin-1-yl)ethoxy)carbonyl)oxy)methyl)propane-1,3-diyl (9Z,9'Z,12Z,12'Z)-bis(octadeca-9,12-dienoate)",C49H86N2O8,831.233,CCCCC/C=C\C/C=C\CCCCCCCC(OCC(COC(OCCN1CCN(CCO)CC1)=O)COC(CCCCCCC/C=C\C/C=C\CCCCC)=O)=O
gan-2-42,"(((((piperazine-1,4-diylbis(ethane-2,1-diyl))bis(oxy))bis(carbonyl))bis(oxy))bis(methylene))bis(propane-2,1,3-triyl) (9Z,9'Z,9''Z,9'''Z,12Z,12'Z,12''Z,12'''Z)-tetrakis(octadeca-9,12-dienoate)",C90H154N2O14,1488.222,CCCCC/C=C\C/C=C\CCCCCCCC(OCC(COC(OCCN1CCN(CCOC(OCC(COC(CCCCCCC/C=C\C/C=C\CCCCC)=O)COC(CCCCCCC/C=C\C/C=C\CCCCC)=O)=O)CC1)=O)COC(CCCCCCC/C=C\C/C=C\CCCCC)=O)=O
gan-2-44-p2,"3-((4,4-bis(octyloxy)butanoyl)oxy)-2-((((2-(4-(2-hydroxyethyl)piperazin-1-yl)ethoxy)carbonyl)oxy)methyl)propyl (9Z,12Z)-octadeca-9,12-dienoate",C51H94N2O10,895.317,CCCCC/C=C\C/C=C\CCCCCCCC(OCC(COC(OCCN1CCN(CCO)CC1)=O)COC(CCC(OCCCCCCCC)OCCCCCCCC)=O)=O
gan-2-44-p1,"((((piperazine-1,4-diylbis(ethane-2,1-diyl))bis(oxy))bis(carbonyl))bis(oxy))bis(2-(((4,4-bis(octyloxy)butanoyl)oxy)methyl)propane-3,1-diyl) (9Z,9'Z,12Z,12'Z)-bis(octadeca-9,12-dienoate)",C94H170N2O18,1616.39,CCCCC/C=C\C/C=C\CCCCCCCC(OCC(COC(OCCN1CCN(CCOC(OCC(COC(CCC(OCCCCCCCC)OCCCCCCCC)=O)COC(CCCCCCC/C=C\C/C=C\CCCCC)=O)=O)CC1)=O)COC(CCC(OCCCCCCCC)OCCCCCCCC)=O)=O
gan-2-19,"2-(((1-(3-(dimethylamino)propyl)-3-ethyl-2,4-dioxo-1,2,3,4-tetrahydropteridine-6-carbonyl)oxy)methyl)propane-1,3-diyl (9Z,9'Z,12Z,12'Z)-bis(octadeca-9,12-dienoate)",C54H87N5O8,934.317,CCCCC/C=C\C/C=C\CCCCCCCC(OCC(COC(C1=CN=C(N(CCCN(C)C)C(N(CC)C2=O)=O)C2=N1)=O)COC(CCCCCCC/C=C\C/C=C\CCCCC)=O)=O
gan-2-74,"1,1',1''-(1,5,9-triazacyclotridecane-1,5,9-triyl)tris(dodecan-2-ol)",C46H95N3O3,738.284,CC(CNCC(CCCCCCCCCC)O)(C)CN(CC(CCCCCCCCCC)O)CC(CCCCCCCCCC)O
gan-2-55,"1,1'-((3-((2-hydroxydodecyl)amino)-2,2-dimethylpropyl)azanediyl)bis(dodecan-2-ol)",C41H86N2O3, 655.1500,CC(CNCC(CCCCCCCCCC)O)(C)CN(CC(CCCCCCCCCC)O)CC(CCCCCCCCCC)O
gan-2-78,"1,1'-((2,2-difluoro-3-((2-hydroxydodecyl)amino)propyl)azanediyl)bis(dodecan-2-ol)",C39H80F2N2O3,663.0768,OC(CCCCCCCCCC)CN(CC(CCCCCCCCCC)O)CCOCCOCCOCCN(CC(CCCCCCCCCC)O)CC(CCCCCCCCCC)O
gan-2-69,"13,25-bis(2-hydroxydodecyl)-16,19,22-trioxa-13,25-diazaheptatriacontane-11,27-diol",C56H116N2O7,929.551,OC(CCCCCCCCCC)CN(CC(CCCCCCCCCC)O)CC1=CC=C(CN(CC(CCCCCCCCCC)O)CC(CCCCCCCCCC)O)O1
gan-2-77,"1,1',1'',1'''-((furan-2,5-diylbis(methylene))bis(azanetriyl))tetrakis(dodecan-2-ol)",C54H106N2O5,863.451,O=C(OC)C1=CC=C(N(C(CCCCCCCCCCC)=N2)CCCCCCCCCCCC)C2=C1
gan-2-52,methyl 1-dodecyl-2-undecyl-1H-benzo[d]imidazole-5-carboxylate,C32H54N2O2,498.796,OC(C1=CC=C(N(C(CCCCCCCCCCC)=N2)CCCCCCCCCCCC)C2=C1)=O
gan-2-56,1-dodecyl-2-undecyl-1H-benzo[d]imidazole-5-carboxylic acid,C31H52N2O2,484.769,O=C(OC)C1=CC=C(/[N+](CCCCCCCCCCCC)=C\CCCCCCCCCCC)C(/N=C/CCCCCCCCCCC)=C1
gan-2-51,N-dodecyl-N-((Z)-dodecylidene)-2-(((E)-dodecylidene)amino)-4-(methoxycarbonyl)benzenaminium,C44H79N2O2+,668.1275,CCCCC/C=C\C/C=C\CCCCCCCC(OCC(COC(C1=CN=C(N(CCCN(C)C)C(N(CC)C2=O)=O)C2=N1)=O)COC(CCCCCCC/C=C\C/C=C\CCCCC)=O)=O
gan-2-59-p2,"2-(((3-(dodecylamino)propanoyl)oxy)methyl)propane-1,3-diyl (9Z,9'Z,12Z,12'Z)-bis(octadeca-9,12-dienoate)",C55H99NO6,870.398,CCCCC/C=C\C/C=C\CCCCCCCC(OCC(COC(CCNCCCCCCCCCCCC)=O)COC(CCCCCCC/C=C\C/C=C\CCCCC)=O)=O
gan-2-67,"3-(((3-(diethylamino)propoxy)carbonyl)oxy)-2-((((9Z,12Z)-octadeca-9,12-dienoyl)oxy)methyl)propyl 1-dodecyl-2-undecyl-1H-benzo[d]imidazole-5-carboxylate",C61H105N3O7,992.525,O=C(CCCCCCC/C=C\C/C=C\CCCCC)OCC(COC(OCCCN(CC)CC)=O)COC(C1=CC=C(N(C(CCCCCCCCCCC)=N2)CCCCCCCCCCCC)C2=C1)=O
gan-2-59,"(((3,3'-(dodecylazanediyl)bis(propanoyl))bis(oxy))bis(methylene))bis(propane-2,1,3-triyl) (9Z,9'Z,9''Z,9'''Z,12Z,12'Z,12''Z,12'''Z)-tetrakis(octadeca-9,12-dienoate)",C98H171NO12,1555.441,O=C(CCN(CCCCCCCCCCCC)CCC(OCC(COC(CCCCCCC/C=C\C/C=C\CCCCC)=O)COC(CCCCCCC/C=C\C/C=C\CCCCC)=O)=O)OCC(COC(CCCCCCC/C=C\C/C=C\CCCCC)=O)COC(CCCCCCC/C=C\C/C=C\CCCCC)=O
gan-2-87,"3-(2-((3r,5r,7r)-adamantan-1-yl)acetoxy)-2-((((3-(pyrrolidin-1-yl)propoxy)carbonyl)oxy)methyl)propyl (9Z,12Z)-octadeca-9,12-dienoate",C42H69NO7,700.014,O=C(CCCCCCC/C=C\C/C=C\CCCCC)OCC(COC(OCCCN1CCCC1)=O)COC(CC2(C[C@H]3C4)C[C@H]4C[C@H](C3)C2)=O
gan-2-95,"3-(2-((3r,5r,7r)-adamantan-1-yl)acetoxy)-2-((((3-(pyrrolidin-1-yl)propoxy)carbonyl)oxy)methyl)propyl decanoate",C34H57NO7,591.83,O=C(OCCCN1CCCC1)OCC(COC(CCCCCCCCC)=O)COC(CC2(C[C@H]3C4)C[C@H]4C[C@H](C3)C2)=O
gan-2-96,"3-(2-((3r,5r,7r)-adamantan-1-yl)acetoxy)-2-((((3-(pyrrolidin-1-yl)propoxy)carbonyl)oxy)methyl)propyl undecanoate",C35H59NO7,605.857,O=C(OCCCN1CCCC1)OCC(COC(CCCCCCCCC)=O)COC(CC2(C[C@H]3C4)C[C@H]4C[C@H](C3)C2)=O
gan-2-97,"3-(2-((3r,5r,7r)-adamantan-1-yl)acetoxy)-2-((((3-(pyrrolidin-1-yl)propoxy)carbonyl)oxy)methyl)propyl dodecanoate",C36H61NO7,619.884,O=C(OCCCN1CCCC1)OCC(COC(CCCCCCCCCCC)=O)COC(CC2(C[C@H]3C4)C[C@H]4C[C@H](C3)C2)=O
gan-2-98,"3-(2-((3r,5r,7r)-adamantan-1-yl)acetoxy)-2-((((3-(pyrrolidin-1-yl)propoxy)carbonyl)oxy)methyl)propyl tridecanoate",C37H63NO7,633.911,O=C(OCCCN1CCCC1)OCC(COC(CCCCCCCCCCCC)=O)COC(CC2(C[C@H]3C4)C[C@H]4C[C@H](C3)C2)=O
gan-2-99,"3-(2-((3r,5r,7r)-adamantan-1-yl)acetoxy)-2-((((3-(pyrrolidin-1-yl)propoxy)carbonyl)oxy)methyl)propyl tetradecanoate",C38H65NO7,647.938,O=C(OCCCN1CCCC1)OCC(COC(CCCCCCCCCCCCC)=O)COC(CC2(C[C@H]3C4)C[C@H]4C[C@H](C3)C2)=O
gan-2-100,"3-(2-((3r,5r,7r)-adamantan-1-yl)acetoxy)-2-((((3-(pyrrolidin-1-yl)propoxy)carbonyl)oxy)methyl)propyl pentadecanoate",C39H67NO7,661.965,O=C(OCCCN1CCCC1)OCC(COC(CCCCCCCCCCCCCC)=O)COC(CC2(C[C@H]3C4)C[C@H]4C[C@H](C3)C2)=O
gan-2-101,"3-(2-((3r,5r,7r)-adamantan-1-yl)acetoxy)-2-((((3-(pyrrolidin-1-yl)propoxy)carbonyl)oxy)methyl)propyl palmitate",C40H69NO7,675.992,O=C(OCCCN1CCCC1)OCC(COC(CCCCCCCCCCCCCCC)=O)COC(CC2(C[C@H]3C4)C[C@H]4C[C@H](C3)C2)=O
gan-2-102,"3-(2-((3r,5r,7r)-adamantan-1-yl)acetoxy)-2-((((3-(pyrrolidin-1-yl)propoxy)carbonyl)oxy)methyl)propyl heptadecanoate",C41H71NO7,690.019,O=C(OCCCN1CCCC1)OCC(COC(CCCCCCCCCCCCCCCC)=O)COC(CC2(C[C@H]3C4)C[C@H]4C[C@H](C3)C2)=O
gan-2-103,"3-(2-((3r,5r,7r)-adamantan-1-yl)acetoxy)-2-((((3-(pyrrolidin-1-yl)propoxy)carbonyl)oxy)methyl)propyl stearate",C42H73NO7,704.046,O=C(OCCCN1CCCC1)OCC(COC(CCCCCCCCCCCCCCCCC)=O)COC(CC2(C[C@H]3C4)C[C@H]4C[C@H](C3)C2)=O
gan-2-106,"3-(2-((3r,5r,7r)-adamantan-1-yl)acetoxy)-2-((((3-(pyrrolidin-1-yl)propoxy)carbonyl)oxy)methyl)propyl (9Z,12Z,15Z)-octadeca-9,12,15-trienoate",C42H67NO7,697.998,O=C(OCCCN1CCCC1)OCC(COC(CCCCCCC/C=C\C/C=C\C/C=C\CC)=O)COC(CC2(C[C@H]3C4)C[C@H]4C[C@H](C3)C2)=O
gan-2-107,"3-(2-((3r,5r,7r)-adamantan-1-yl)acetoxy)-2-((((3-(pyrrolidin-1-yl)propoxy)carbonyl)oxy)methyl)propyl (E)-octadec-10-enoate",C42H71NO7,702.03,O=C(OCCCN1CCCC1)OCC(COC(CCCCCCCC/C=C/CCCCCCC)=O)COC(CC2(C[C@H]3C4)C[C@H]4C[C@H](C3)C2)=O
gan-2-108,"3-(2-((3r,5r,7r)-adamantan-1-yl)acetoxy)-2-((((3-(pyrrolidin-1-yl)propoxy)carbonyl)oxy)methyl)propyl oleate",C42H71NO7, 702.0300,O=C(OCCCN1CCCC1)OCC(COC(CCCCCCC/C=C\CCCCCCCC)=O)COC(CC2(C[C@H]3C4)C[C@H]4C[C@H](C3)C2)=O
gan-2-104,"3-(2-((3r,5r,7r)-adamantan-1-yl)acetoxy)-2-((((3-(pyrrolidin-1-yl)propoxy)carbonyl)oxy)methyl)propyl 4,4-bis(octyloxy)butanoate",C44H77NO9,764.098,CCCCCCCCOC(CCC(OCC(COC(OCCCN1CCCC1)=O)COC(CC2(C[C@H]3C4)C[C@H]4C[C@H](C3)C2)=O)=O)OCCCCCCCC
gan-2-94,"2-((((3-(pyrrolidin-1-yl)propoxy)carbonyl)oxy)methyl)propane-1,3-diyl bis(2-((3r,5r,7r)-adamantan-1-yl)acetate)",C36H55NO7, 613.8360,O=C(OCCCN1CCCC1)OCC(COC(C[C@]2(C[C@@H]3C4)C[C@@H]4C[C@@H](C3)C2)=O)COC(C[C@@]5(C[C@H]6C7)C[C@H]7C[C@H](C6)C5)=O
gan-2-120,"3,6-bis(4-(didecylamino)butyl)piperazine-2,5-dione",C52H104N4O2,817.43,O=C(NC1CCCCN(CCCCCCCCCC)CCCCCCCCCC)C(CCCCN(CCCCCCCCCC)CCCCCCCCCC)NC1=O
gan-2-121,"3-(4-(((E)-dec-4-en-1-yl)((E)-dec-6-en-1-yl)amino)butyl)-6-(4-(di((E)-dec-4-en-1-yl)amino)butyl)piperazine-2,5-dione", C52H96N4O2, 809.3660,O=C(NC1CCCCN(CCCCC/C=C/CCC)CCC/C=C/CCCCC)C(CCCCN(CCC/C=C/CCCCC)CCC/C=C/CCCCC)NC1=O
gan-2-122,"3,6-bis(4-(di((Z)-dec-4-en-1-yl)amino)butyl)piperazine-2,5-dione",C52H96N4O2,809.366,O=C(NC1CCCCN(CCC/C=C\CCCCC)CCC/C=C\CCCCC)C(CCCCN(CCC/C=C\CCCCC)CCC/C=C\CCCCC)NC1=O
gan-2-123,"3,6-bis(4-(diundecylamino)butyl)piperazine-2,5-dione",C56H112N4O2,873.538,O=C(NC1CCCCN(CCCCCCCCCCC)CCCCCCCCCCC)C(CCCCN(CCCCCCCCCCC)CCCCCCCCCCC)NC1=O
gan-2-118,"3,6-bis(4-(didodecylamino)butyl)piperazine-2,5-dione", C60H120N4O2,929.646,O=C(NC1CCCCN(CCCCCCCCCCCC)CCCCCCCCCCCC)C(CCCCN(CCCCCCCCCCCC)CCCCCCCCCCCC)NC1=O
gan-2-124,"3,6-bis(4-(ditridecylamino)butyl)piperazine-2,5-dione",C64H128N4O2,985.754,O=C(NC1CCCCN(CCCCCCCCCCCCC)CCCCCCCCCCCCC)C(CCCCN(CCCCCCCCCCCCC)CCCCCCCCCCCCC)NC1=O
gan-2-125,"3,6-bis(4-(ditetradecylamino)butyl)piperazine-2,5-dione",C68H136N4O2,1041.862,O=C(NC1CCCCN(CCCCCCCCCCCCCC)CCCCCCCCCCCCCC)C(CCCCN(CCCCCCCCCCCCCC)CCCCCCCCCCCCCC)NC1=O
gan-2-126,"3,6-bis(4-(ditetradecylamino)butyl)piperazine-2,5-dione",C68H136N4O2,1041.862,O=C(NC1CCCCN(CCCCCCCCCCCCCC)CCCCCCCCCCCCCC)C(CCCCN(CCCCCCCCCCCCCC)CCCCCCCCCCCCCC)NC1=O
gan-2-127,"3,6-bis(4-(dipentadecylamino)butyl)piperazine-2,5-dione",C72H144N4O2,1097.97,O=C(NC1CCCCN(CCCCCCCCCCCCCCC)CCCCCCCCCCCCCCC)C(CCCCN(CCCCCCCCCCCCCCC)CCCCCCCCCCCCCCC)NC1=O
gan-2-130,"3-(4-(di((E)-hexadec-11-en-1-yl)amino)butyl)-6-(4-(((E)-hexadec-10-en-1-yl)((E)-hexadec-11-en-1-yl)amino)butyl)piperazine-2,5-dione",C76H144N4O2,1146.014,O=C(NC1CCCCN(CCCCCCCCCC/C=C/CCCC)CCCCCCCCCC/C=C/CCCC)C(CCCCN(CCCCCCCCCC/C=C/CCCC)CCCCCCCCC/C=C/CCCCC)NC1=O
gan-2-128,"3,6-bis(4-(diheptadecylamino)butyl)piperazine-2,5-dione", C80H160N4O2,1210.186,O=C(NC1CCCCN(CCCCCCCCCCCCCCCCC)CCCCCCCCCCCCCCCCC)C(CCCCN(CCCCCCCCCCCCCCCCC)CCCCCCCCCCCCCCCCC)NC1=O
gan-2-129,"3,6-bis(4-(dioctadecylamino)butyl)piperazine-2,5-dione",C84H168N4O2,1266.294,O=C(NC1CCCCN(CCCCCCCCCCCCCCCCCC)CCCCCCCCCCCCCCCCCC)C(CCCCN(CCCCCCCCCCCCCCCCCC)CCCCCCCCCCCCCCCCCC)NC1=O
gan-2-132,"tetraoctyl 3,3',3'',3'''-(((3,6-dioxopiperazine-2,5-diyl)bis(butane-4,1-diyl))bis(azanetriyl))tetrapropionate",C56H104N4O10,993.466,O=C(CCN(CCCCC1NC(C(CCCCN(CCC(OCCCCCCCC)=O)CCC(OCCCCCCCC)=O)NC1=O)=O)CCC(OCCCCCCCC)=O)OCCCCCCCC
gan-2-144,"tetranonyl 3,3',3'',3'''-(((3,6-dioxopiperazine-2,5-diyl)bis(butane-4,1-diyl))bis(azanetriyl))tetrapropionate",C60H112N4O10,1049.574,O=C(CCN(CCCCC1NC(C(CCCCN(CCC(OCCCCCCCCC)=O)CCC(OCCCCCCCCC)=O)NC1=O)=O)CCC(OCCCCCCCCC)=O)OCCCCCCCCC
gan-2-145,"tetrakis(decyl) 3,3',3'',3'''-(((3,6-dioxopiperazine-2,5-diyl)bis(butane-4,1-diyl))bis(azanetriyl))tetrapropionate",C64H120N4O10,1105.682,O=C(CCN(CCCCC1NC(C(CCCCN(CCC(OCCCCCCCCCC)=O)CCC(OCCCCCCCCCC)=O)NC1=O)=O)CCC(OCCCCCCCCCC)=O)OCCCCCCCCCC
gan-2-146,"tetraundecyl 3,3',3'',3'''-(((3,6-dioxopiperazine-2,5-diyl)bis(butane-4,1-diyl))bis(azanetriyl))tetrapropionate",C68H128N4O10,1161.79,O=C(CCN(CCCCC1NC(C(CCCCN(CCC(OCCCCCCCCCCC)=O)CCC(OCCCCCCCCCCC)=O)NC1=O)=O)CCC(OCCCCCCCCCCC)=O)OCCCCCCCCCCC
gan-2-109-p3,"tetradodecyl 3,3',3'',3'''-(((3,6-dioxopiperazine-2,5-diyl)bis(butane-4,1-diyl))bis(azanetriyl))tetrapropionate",C72H136N4O10,1217.898,O=C(NC1CCCCN(CCC(OCCCCCCCCCCCC)=O)CCC(OCCCCCCCCCCCC)=O)C(CCCCN(CCC(OCCCCCCCCCCCC)=O)CCC(OCCCCCCCCCCCC)=O)NC1=O
gan-2-147,"tetratridecyl 3,3',3'',3'''-(((3,6-dioxopiperazine-2,5-diyl)bis(butane-4,1-diyl))bis(azanetriyl))tetrapropionate",C76H144N4O10,1274.006,O=C(NC1CCCCN(CCC(OCCCCCCCCCCCC)=O)CCC(OCCCCCCCCCCCC)=O)C(CCCCN(CCC(OCCCCCCCCCCCC)=O)CCC(OCCCCCCCCCCCC)=O)NC1=O
gan-2-148,"tetrapentadecyl 3,3',3'',3'''-(((3,6-dioxopiperazine-2,5-diyl)bis(butane-4,1-diyl))bis(azanetriyl))tetrapropionate",C84H160N4O10,1386.222,O=C(CCN(CCCCC1NC(C(CCCCN(CCC(OCCCCCCCCCCCCCCC)=O)CCC(OCCCCCCCCCCCCCCC)=O)NC1=O)=O)CCC(OCCCCCCCCCCCCCCC)=O)OCCCCCCCCCCCCCCC
gan-2-149,"tetraheptadecyl 3,3',3'',3'''-(((3,6-dioxopiperazine-2,5-diyl)bis(butane-4,1-diyl))bis(azanetriyl))tetrapropionate",C92H176N4O10,1498.438,O=C(CCN(CCCCC1NC(C(CCCCN(CCC(OCCCCCCCCCCCCCCCCC)=O)CCC(OCCCCCCCCCCCCCCCCC)=O)NC1=O)=O)CCC(OCCCCCCCCCCCCCCCCC)=O)OCCCCCCCCCCCCCCCCC
gan-2-133,"tetraoctadecyl 3,3',3'',3'''-(((3,6-dioxopiperazine-2,5-diyl)bis(butane-4,1-diyl))bis(azanetriyl))tetrapropionate",C96H184N4O10,1554.546,O=C(CCN(CCCCC1NC(C(CCCCN(CCC(OCCCCCCCCCCCCCCCCCC)=O)CCC(OCCCCCCCCCCCCCCCCCC)=O)NC1=O)=O)CCC(OCCCCCCCCCCCCCCCCCC)=O)OCCCCCCCCCCCCCCCCCC
gan-2-152,"(2R,5aR,7R,10aR)-2,7-bis(bis(2-hydroxydecyl)amino)octahydro-5H,10H-dipyrrolo[1,2-a:1',2'-d]pyrazine-5,10-dione",C50H96N4O6,849.34,O=C([C@@H]1N2C[C@H](N(CC(CCCCCCCC)O)CC(CCCCCCCC)O)C1)N3[C@H](C[C@@H](N(CC(CCCCCCCC)O)CC(CCCCCCCC)O)C3)C2=O
gan-2-131,"(2R,5aR,7R,10aR)-2,7-bis(bis(2-hydroxydodecyl)amino)octahydro-5H,10H-dipyrrolo[1,2-a:1',2'-d]pyrazine-5,10-dione",C58H112N4O6,961.556,O=C([C@@H]1N2C[C@H](N(CC(CCCCCCCCCC)O)CC(CCCCCCCCCC)O)C1)N3[C@H](C[C@@H](N(CC(CCCCCCCCCC)O)CC(CCCCCCCCCC)O)C3)C2=O
gan-2-153,"(2R,5aR,7R,10aR)-2,7-bis(bis(2-hydroxytetradecyl)amino)octahydro-5H,10H-dipyrrolo[1,2-a:1',2'-d]pyrazine-5,10-dione",C66H128N4O6,1073.772,O=C([C@@H]1N2C[C@H](N(CC(CCCCCCCCCCCC)O)CC(CCCCCCCCCCCC)O)C1)N3[C@H](C[C@@H](N(CC(CCCCCCCCCCCC)O)CC(CCCCCCCCCCCC)O)C3)C2=O
gan-2-154,"(2R,5aR,7R,10aR)-2,7-bis(bis(2-hydroxypentadecyl)amino)octahydro-5H,10H-dipyrrolo[1,2-a:1',2'-d]pyrazine-5,10-dione",C70H136N4O6,1129.88,O=C([C@@H]1N2C[C@H](N(CC(CCCCCCCCCCCCC)O)CC(CCCCCCCCCCCCC)O)C1)N3[C@H](C[C@@H](N(CC(CCCCCCCCCCCCC)O)CC(CCCCCCCCCCCCC)O)C3)C2=O
gan-2-155,"(2R,5aR,7R,10aR)-2,7-bis(bis(2-hydroxyhexadecyl)amino)octahydro-5H,10H-dipyrrolo[1,2-a:1',2'-d]pyrazine-5,10-dione",C74H144N4O6,1185.988,O=C([C@@H]1N2C[C@H](N(CC(CCCCCCCCCCCCCC)O)CC(CCCCCCCCCCCCCC)O)C1)N3[C@H](C[C@@H](N(CC(CCCCCCCCCCCCCC)O)CC(CCCCCCCCCCCCCC)O)C3)C2=O
gan-2-156,"(2R,5aR,7R,10aR)-2,7-bis(bis(2-hydroxyoctadecyl)amino)octahydro-5H,10H-dipyrrolo[1,2-a:1',2'-d]pyrazine-5,10-dione",C82H160N4O6,1298.204,O=C([C@@H]1N2C[C@H](N(CC(CCCCCCCCCCCCCCCC)O)CC(CCCCCCCCCCCCCCCC)O)C1)N3[C@H](C[C@@H](N(CC(CCCCCCCCCCCCCCCC)O)CC(CCCCCCCCCCCCCCCC)O)C3)C2=O
gan-2-157,"(2R,5aR,7R,10aR)-2,7-bis(bis((Z)-2-hydroxyoctadec-9-en-1-yl)amino)octahydro-5H,10H-dipyrrolo[1,2-a:1',2'-d]pyrazine-5,10-dione",C82H152N4O6,1290.14,O=C([C@@H]1N2C[C@H](N(CC(CCCCCC/C=C\CCCCCCCC)O)CC(CCCCCC/C=C\CCCCCCCC)O)C1)N3[C@H](C[C@@H](N(CC(CCCCCC/C=C\CCCCCCCC)O)CC(CCCCCC/C=C\CCCCCCCC)O)C3)C2=O
gan-2-158,"(2R,5aR,7R,10aR)-2,7-bis(bis((E)-2-hydroxyoctadec-10-en-1-yl)amino)octahydro-5H,10H-dipyrrolo[1,2-a:1',2'-d]pyrazine-5,10-dione",C82H152N4O6,1290.14,O=C([C@@H]1N2C[C@H](N(CC(CCCCCCC/C=C/CCCCCCC)O)CC(CCCCCCC/C=C/CCCCCCC)O)C1)N3[C@H](C[C@@H](N(CC(CCCCCCC/C=C/CCCCCCC)O)CC(CCCCCCC/C=C/CCCCCCC)O)C3)C2=O
gan-2-167,"1,1'-(((3s,5s,7s)-adamantan-1-yl)azanediyl)bis(dodecan-2-ol)",C34H65NO2,519.899,OC(CCCCCCCCCC)CN(CC(O)CCCCCCCCCC)C1(C[C@@H]2C3)C[C@@H]3C[C@@H](C2)C1
gan-2-178,"1,1',1'',1'''-(((1s,3s,5s,7s)-adamantane-1,3-diyl)bis(azanetriyl))tetrakis(decan-2-ol)",C50H98N2O4,791.344,OC(CN(CC(CCCCCCCC)O)[C@]1(C[C@@H]2C3)C[C@@H]3C[C@](C2)(N(CC(CCCCCCCC)O)CC(O)CCCCCCCC)C1)CCCCCCCC
gan-2-179,"1,1',1'',1'''-(((1s,3s,5s,7s)-adamantane-1,3-diyl)bis(azanetriyl))tetrakis(dodecan-2-ol)",C58H114N2O4,903.56,OC(CN(CC(CCCCCCCCCC)O)[C@]1(C[C@@H]2C3)C[C@@H]3C[C@](C2)(N(CC(CCCCCCCCCC)O)CC(O)CCCCCCCCCC)C1)CCCCCCCCCC
gan-2-180,"1,1',1'',1'''-(((1s,3s,5s,7s)-adamantane-1,3-diyl)bis(azanetriyl))tetrakis(tetradecan-2-ol)",C66H130N2O4,1015.776,OC(CN(CC(CCCCCCCCCCCC)O)[C@]1(C[C@@H]2C3)C[C@@H]3C[C@](C2)(N(CC(CCCCCCCCCCCC)O)CC(O)CCCCCCCCCCCC)C1)CCCCCCCCCCCC
gan-2-181,"1,1',1'',1'''-(((1s,3s,5s,7s)-adamantane-1,3-diyl)bis(azanetriyl))tetrakis(pentadecan-2-ol)",C70H138N2O4,1071.884,OC(CN(CC(CCCCCCCCCCCCC)O)[C@]1(C[C@@H]2C3)C[C@@H]3C[C@](C2)(N(CC(CCCCCCCCCCCCC)O)CC(O)CCCCCCCCCCCCC)C1)CCCCCCCCCCCCC
gan-2-182,"1,1',1'',1'''-(((1s,3s,5s,7s)-adamantane-1,3-diyl)bis(azanetriyl))tetrakis(hexadecan-2-ol)",C74H146N2O4,1127.992,OC(CN(CC(CCCCCCCCCCCCCC)O)[C@]1(C[C@@H]2C3)C[C@@H]3C[C@](C2)(N(CC(CCCCCCCCCCCCCC)O)CC(O)CCCCCCCCCCCCCC)C1)CCCCCCCCCCCCCC
gan-2-183,"1,1',1'',1'''-(((1s,3s,5s,7s)-adamantane-1,3-diyl)bis(azanetriyl))tetrakis(octadecan-2-ol)",C82H162N2O4,1240.208,OC(CN(CC(CCCCCCCCCCCCCCCC)O)[C@]1(C[C@@H]2C3)C[C@@H]3C[C@](C2)(N(CC(CCCCCCCCCCCCCCCC)O)CC(O)CCCCCCCCCCCCCCCC)C1)CCCCCCCCCCCCCCCC
gan-2-184,"(9Z,9'Z,9''Z,9'''Z)-1,1',1'',1'''-(((1s,3s,5s,7s)-adamantane-1,3-diyl)bis(azanetriyl))tetrakis(octadec-9-en-2-ol)",C82H154N2O4,1232.144,OC(CCCCCC/C=C\CCCCCCCC)CN(CC(CCCCCC/C=C\CCCCCCCC)O)[C@]1(C[C@@H]2C3)C[C@@H]3C[C@](C2)(N(CC(CCCCCC/C=C\CCCCCCCC)O)CC(CCCCCC/C=C\CCCCCCCC)O)C1
gan-2-185,"(10E,10'E,10''E,10'''E)-1,1',1'',1'''-(((1s,3s,5s,7s)-adamantane-1,3-diyl)bis(azanetriyl))tetrakis(octadec-10-en-2-ol)",C82H154N2O4,1232.144,OC(CCCCCCC/C=C/CCCCCCC)CN(CC(CCCCCCC/C=C/CCCCCCC)O)[C@]1(C[C@@H]2C3)C[C@@H]3C[C@](C2)(N(CC(CCCCCCC/C=C/CCCCCCC)O)CC(CCCCCCC/C=C/CCCCCCC)O)C1
gan-2-188,"3,3'-(((1R,3S,5R,7S)-3-((3-(((1S,3S)-adamantan-1-yl)oxy)-2-hydroxypropyl)(3-(((3S,5S,7S)-adamantan-1-yl)oxy)-2-hydroxypropyl)amino)adamantan-1-yl)azanediyl)bis(1-(((3S,5S,7S)-adamantan-1-yl)oxy)propan-2-ol)",C62H98N2O8,999.472,OC(CO[C@]1(C[C@@H]2C3)C[C@@H]3C[C@@H](C2)C1)CN(CC(CO[C@]45CC6C[C@@H](C4)CC(C5)C6)O)[C@]7(C[C@@H]8C9)C[C@@H]9C[C@](C8)(N(CC(CO[C@@]%10(C[C@H]%11C%12)C[C@H]%12C[C@H](C%11)C%10)O)CC(CO[C@]%13(C[C@@H]%14C%15)C[C@@H]%15C[C@@H](C%14)C%13)O)C7
gan-3-30,"(1s,3s,5s,7s)-N1,N1,N3,N3-tetradodecyladamantane-1,3-diamine",C58H114N2,839.564,CCCCCCCCCCCCN(CCCCCCCCCCCC)[C@]1(C[C@@H]2C3)C[C@@H]3C[C@](C2)(N(CCCCCCCCCCCC)CCCCCCCCCCCC)C1
gan-2-166,"1,1'-((((3r,5r,7r)-adamantan-1-yl)methyl)azanediyl)bis(dodecan-2-ol)",C35H67NO2,533.926,OC(CN(CC(O)CCCCCCCCCC)CC1(C[C@@H]2C3)C[C@@H]3C[C@@H](C2)C1)CCCCCCCCCC
gan-2-198,"1,1',1'',1'''-((((1s,3s,5r,7r)-adamantane-1,3-diyl)bis(ethane-2,1-diyl))bis(azanetriyl))tetrakis(decan-2-ol)",C54H106N2O4,847.452,OC(CCCCCCCC)CN(CC(CCCCCCCC)O)CC[C@]1(C[C@@H]2C3)C[C@@H]3C[C@](C2)(CCN(CC(O)CCCCCCCC)CC(CCCCCCCC)O)C1
gan-2-193,"1,1',1'',1'''-((((1s,3s,5r,7r)-adamantane-1,3-diyl)bis(ethane-2,1-diyl))bis(azanetriyl))tetrakis(dodecan-2-ol)",C62H122N2O4,959.668,OC(CCCCCCCCCC)CN(CC(CCCCCCCCCC)O)CC[C@]1(C[C@@H]2C3)C[C@@H]3C[C@](C2)(CCN(CC(O)CCCCCCCCCC)CC(CCCCCCCCCC)O)C1
gan-2-194,"1,1',1'',1'''-((((1s,3s,5r,7r)-adamantane-1,3-diyl)bis(ethane-2,1-diyl))bis(azanetriyl))tetrakis(tetradecan-2-ol)",C70H138N2O4,1071.884,OC(CCCCCCCCCCCC)CN(CC(CCCCCCCCCCCC)O)CC[C@]1(C[C@@H]2C3)C[C@@H]3C[C@](C2)(CCN(CC(O)CCCCCCCCCCCC)CC(CCCCCCCCCCCC)O)C1
gan-2-195,"1,1',1'',1'''-((((1s,3s,5r,7r)-adamantane-1,3-diyl)bis(ethane-2,1-diyl))bis(azanetriyl))tetrakis(pentadecan-2-ol)",C74H146N2O4,1127.992,OC(CCCCCCCCCCCCC)CN(CC(CCCCCCCCCCCCC)O)CC[C@]1(C[C@@H]2C3)C[C@@H]3C[C@](C2)(CCN(CC(O)CCCCCCCCCCCCC)CC(CCCCCCCCCCCCC)O)C1
gan-2-197,"1,1',1'',1'''-((((1s,3s,5r,7r)-adamantane-1,3-diyl)bis(ethane-2,1-diyl))bis(azanetriyl))tetrakis(octadecan-2-ol)",C86H170N2O4,1296.316,OC(CCCCCCCCCCCCCCCC)CN(CC(CCCCCCCCCCCCCCCC)O)CC[C@]1(C[C@@H]2C3)C[C@@H]3C[C@](C2)(CCN(CC(O)CCCCCCCCCCCCCCCC)CC(CCCCCCCCCCCCCCCC)O)C1
gan-3-27,"N,N'-(((1s,3s,5r,7r)-adamantane-1,3-diyl)bis(ethane-2,1-diyl))bis(N-dodecyldodecan-1-amine)",C62H122N2,895.672,CCCCCCCCCCCCN(CC[C@]1(C[C@@H]2C3)C[C@@H]3C[C@](C2)(CCN(CCCCCCCCCCCC)CCCCCCCCCCCC)C1)CCCCCCCCCCCC
gan-3-28,"tetradodecyl 3,3',3'',3'''-((((1s,3s,5r,7r)-adamantane-1,3-diyl)bis(ethane-2,1-diyl))bis(azanetriyl))tetrapropionate",C74H138N2O8,1183.924,O=C(OCCCCCCCCCCCC)CCN(CCC(OCCCCCCCCCCCC)=O)CC[C@]1(C[C@@H]2C3)C[C@@H]3C[C@](C2)(CCN(CCC(OCCCCCCCCCCCC)=O)CCC(OCCCCCCCCCCCC)=O)C1
gan-3-29,"1,1'-((2-(((3s,5s,7s)-adamantan-1-yl)(2-hydroxydodecyl)amino)ethyl)azanediyl)bis(dodecan-2-ol)",C48H94N2O3,747.291,OC(CCCCCCCCCC)CN(CC(O)CCCCCCCCCC)CCN(CC(CCCCCCCCCC)O)C1(C2)C[C@@H](C[C@@H]2C3)C[C@@H]3C1
gan-3-22,"N1-((3s,5s,7s)-adamantan-1-yl)-N2,N2-didodecylethane-1,2-diamine",C36H70N2,530.97,CCCCCCCCCCCCN(CCCCCCCCCCCC)CCNC1(C2)C[C@@H](C[C@@H]2C3)C[C@@H]3C1
gan-3-23,"didodecyl 3,3'-((2-(((3s,5s,7s)-adamantan-1-yl)amino)ethyl)azanediyl)dipropionate",C42H78N2O4, 675.0960,O=C(OCCCCCCCCCCCC)CCN(CCC(OCCCCCCCCCCCC)=O)CCNC1(C2)C[C@@H](C[C@@H]2C3)C[C@@H]3C1
gan-4-67,"2-(2-((3r,5r,7r)-adamantan-1-yl)acetoxy)-4-(decyloxy)-N,N,N-trimethyl-4-oxobutan-1-aminium bromide",C29H52BrNO4,558.642,O=C(OCCCCCCCCCC)CC(OC(CC1(C[C@@H]2C3)C[C@@H]3C[C@@H](C2)C1)=O)C[N+](C)(C)C.[Br-]
gan-4-68,"2-(2-((3r,5r,7r)-adamantan-1-yl)acetoxy)-N,N,N-trimethyl-4-oxo-4-(undecyloxy)butan-1-aminium bromide",C30H54BrNO4,572.669,O=C(OCCCCCCCCCCC)CC(OC(CC1(C[C@@H]2C3)C[C@@H]3C[C@@H](C2)C1)=O)C[N+](C)(C)C.[Br-]
gan-4-66,"2-(2-((3r,5r,7r)-adamantan-1-yl)acetoxy)-4-(dodecyloxy)-N,N,N-trimethyl-4-oxobutan-1-aminium bromide",C31H56BrNO4,586.696,O=C(OCCCCCCCCCCCC)CC(OC(CC1(C[C@@H]2C3)C[C@@H]3C[C@@H](C2)C1)=O)C[N+](C)(C)C.[Br-]
gan-4-69,"2-(2-((3r,5r,7r)-adamantan-1-yl)acetoxy)-N,N,N-trimethyl-4-oxo-4-(tridecyloxy)butan-1-aminium bromide",C32H58BrNO4,600.723,O=C(OCCCCCCCCCCCCC)CC(OC(CC1(C[C@@H]2C3)C[C@@H]3C[C@@H](C2)C1)=O)C[N+](C)(C)C.[Br-]
gan-4-61,"2-(2-((3r,5r,7r)-adamantan-1-yl)acetoxy)-N,N,N-trimethyl-4-oxo-4-(pentadecyloxy)butan-1-aminium bromide",C34H62BrNO4,628.777,O=C(OCCCCCCCCCCCCCCC)CC(OC(CC1(C[C@@H]2C3)C[C@@H]3C[C@@H](C2)C1)=O)C[N+](C)(C)C.[Br-]
gan-4-64,"2-(2-((3r,5r,7r)-adamantan-1-yl)acetoxy)-4-(hexadecyloxy)-N,N,N-trimethyl-4-oxobutan-1-aminium bromide",C35H64BrNO4,642.804,O=C(OCCCCCCCCCCCCCCCC)CC(OC(CC1(C[C@@H]2C3)C[C@@H]3C[C@@H](C2)C1)=O)C[N+](C)(C)C.[Br-]
gan-4-62,"2-(2-((3r,5r,7r)-adamantan-1-yl)acetoxy)-4-(heptadecyloxy)-N,N,N-trimethyl-4-oxobutan-1-aminium bromide",C36H66BrNO4,656.831,O=C(OCCCCCCCCCCCCCCCCC)CC(OC(CC1(C[C@@H]2C3)C[C@@H]3C[C@@H](C2)C1)=O)C[N+](C)(C)C.[Br-]
 gan-4-63,"2-(2-((3r,5r,7r)-adamantan-1-yl)acetoxy)-N,N,N-trimethyl-4-(octadecyloxy)-4-oxobutan-1-aminium bromide",C37H68BrNO4, 670.8580,O=C(OCCCCCCCCCCCCCCCCCC)CC(OC(CC1(C[C@@H]2C3)C[C@@H]3C[C@@H](C2)C1)=O)C[N+](C)(C)C.[Br-]
gan-4-98,"2-(2-((3r,5r,7r)-adamantan-1-yl)acetoxy)-N,N,N-trimethyl-4-(((9Z,12Z)-octadeca-9,12-dien-1-yl)oxy)-4-oxobutan-1-aminium bromid",C37H64BrNO4,666.826,O=C(OCCCCCCCC/C=C\C/C=C\CCCCC)CC(OC(CC1(C[C@@H]2C3)C[C@@H]3C[C@@H](C2)C1)=O)C[N+](C)(C)C.[Br-]
gan-4-89,"2-(decanoyloxy)-4-(decyloxy)-N,N,N-trimethyl-4-oxobutan-1-aminium bromide",C27H54BrNO4,536.636,CCCCCCCCCCOC(CC(C[N+](C)(C)C)OC(CCCCCCCCC)=O)=O.[Br-]
gan-4-90,"N,N,N-trimethyl-4-oxo-2-(undecanoyloxy)-4-(undecyloxy)butan-1-aminium bromide",C29H58BrNO4,564.69,O=C(CC(C[N+](C)(C)C)OC(CCCCCCCCCC)=O)OCCCCCCCCCCC.[Br-]
gan-4-91,"2-(dodecanoyloxy)-4-(dodecyloxy)-N,N,N-trimethyl-4-oxobutan-1-aminium bromide",C31H62BrNO4,592.744,O=C(CC(C[N+](C)(C)C)OC(CCCCCCCCCCC)=O)OCCCCCCCCCCCC.[Br-]
gan-4-92,"N,N,N-trimethyl-4-oxo-2-(tridecanoyloxy)-4-(tridecyloxy)butan-1-aminium bromide",C33H66BrNO4,620.798,O=C(CC(C[N+](C)(C)C)OC(CCCCCCCCCCCC)=O)OCCCCCCCCCCCCC.[Br-]
gan-4-93,"N,N,N-trimethyl-4-oxo-2-(tetradecanoyloxy)-4-(tetradecyloxy)butan-1-aminium bromide",C35H70BrNO4,648.852,O=C(CC(C[N+](C)(C)C)OC(CCCCCCCCCCCCC)=O)OCCCCCCCCCCCCCC.[Br-]
gan-4-94,"N,N,N-trimethyl-4-oxo-2-(pentadecanoyloxy)-4-(pentadecyloxy)butan-1-aminium bromide",C37H74BrNO4,676.906,O=C(CC(C[N+](C)(C)C)OC(CCCCCCCCCCCCCC)=O)OCCCCCCCCCCCCCCC.[Br-]
gan-4-95,"4-(hexadecyloxy)-N,N,N-trimethyl-4-oxo-2-(palmitoyloxy)butan-1-aminium bromide",C39H78BrNO4,704.96,O=C(CC(C[N+](C)(C)C)OC(CCCCCCCCCCCCCCC)=O)OCCCCCCCCCCCCCCCC.[Br-]
gan-4-96,"2-(heptadecanoyloxy)-4-(heptadecyloxy)-N,N,N-trimethyl-4-oxobutan-1-aminium bromide",C41H82BrNO4,733.014,O=C(CC(C[N+](C)(C)C)OC(CCCCCCCCCCCCCCCC)=O)OCCCCCCCCCCCCCCCCC.[Br-]
gan-4-97,"N,N,N-trimethyl-4-(octadecyloxy)-4-oxo-2-(stearoyloxy)butan-1-aminium bromide",C43H86BrNO4,761.068,O=C(CC(C[N+](C)(C)C)OC(CCCCCCCCCCCCCCCCC)=O)OCCCCCCCCCCCCCCCCCC.[Br-]
gan-4-167,"2-(decanoyloxy)-4-((3,3,4,4,5,5,6,6,7,7,8,8,9,9,10,10,11,12,12,13,13,13-docosafluoro-11-methyltridecyl)oxy)-N,N,N-trimethyl-4-oxobutan-1-aminium iodide",C31H40F22INO4,1035.5333,O=C(OCCC(F)(F)C(F)(F)C(F)(F)C(F)(F)C(F)(F)C(F)(F)C(F)(F)C(F)(F)C(F)(C)C(F)(F)C(F)(F)F)CC(C[N+](C)(C)C)OC(CCCCCCCCC)=O.[I-]
gan-4-112,"4-((3,3,4,4,5,5,6,6,7,7,8,8,9,9,10,10,11,12,12,13,13,13-docosafluoro-11-methyltridecyl)oxy)-N,N,N-trimethyl-4-oxo-2-(undecanoyloxy)butan-1-aminium iodide",C32H42F22INO4,1049.5603,O=C(OCCC(F)(F)C(F)(F)C(F)(F)C(F)(F)C(F)(F)C(F)(F)C(F)(F)C(F)(F)C(F)(C)C(F)(F)C(F)(F)F)CC(C[N+](C)(C)C)OC(CCCCCCCCCC)=O.[I-]
gan-4-120,"4-((3,3,4,4,5,5,6,6,7,7,8,8,9,9,10,10,11,12,12,13,13,13-docosafluoro-11-methyltridecyl)oxy)-2-(dodecanoyloxy)-N,N,N-trimethyl-4-oxobutan-1-aminium iodide",C33H44F22INO4,1063.5873,O=C(OCCC(F)(F)C(F)(F)C(F)(F)C(F)(F)C(F)(F)C(F)(F)C(F)(F)C(F)(F)C(F)(C)C(F)(F)C(F)(F)F)CC(C[N+](C)(C)C)OC(CCCCCCCCCCC)=O.[I-]
gan-4-113,"4-((3,3,4,4,5,5,6,6,7,7,8,8,9,9,10,10,11,12,12,13,13,13-docosafluoro-11-methyltridecyl)oxy)-N,N,N-trimethyl-4-oxo-2-(tridecanoyloxy)butan-1-aminium iodide",C34H46F22INO4,1077.6143,O=C(OCCC(F)(F)C(F)(F)C(F)(F)C(F)(F)C(F)(F)C(F)(F)C(F)(F)C(F)(F)C(F)(C)C(F)(F)C(F)(F)F)CC(C[N+](C)(C)C)OC(CCCCCCCCCCCC)=O.[I-]
KZ-1,"1,3-diundecanamidopropan-2-yl 4-(dimethylamino)butanoate",C31H61N3O4,539.846,O=C(CCCCCCCCCC)NCC(OC(CCCN(C)C)=O)CNC(CCCCCCCCCC)=O
KZ-2,1-(3-dodecanoyl-5-hydroxytetrahydropyrimidin-1(2H)-yl)tridecan-1-one,C29H56N2O3,480.778,O=C(N1CN(C(CCCCCCCCCCCC)=O)CC(O)C1)CCCCCCCCCCC
KZ-3,"(9Z,9'Z)-1,1'-(5-hydroxydihydropyrimidine-1,3(2H,4H)-diyl)bis(octadec-9-en-1-one)",C40H74N2O3,631.043,O=C(N1CN(C(CCCCCCC/C=C\CCCCCCCC)=O)CC(O)C1)CCCCCCC/C=C\CCCCCCCC
KZ-4,1-dodecanoyl-3-undecanoylhexahydropyrimidin-5-yl 3-(dimethylamino)propanoate,C32H61N3O4,551.857,O=C(N1CN(C(CCCCCCCCCCC)=O)CC(OC(CCN(C)C)=O)C1)CCCCCCCCCC
KZ-5,1-tetradecanoyl-3-tridecanoylhexahydropyrimidin-5-yl 3-(dimethylamino)propanoate,C36H69N3O4,607.965,O=C(N1CN(C(CCCCCCCCCCCCC)=O)CC(OC(CCN(C)C)=O)C1)CCCCCCCCCCCC
KZ-6,1-palmitoyl-3-pentadecanoylhexahydropyrimidin-5-yl 3-(dimethylamino)propanoate,C40H77N3O4,664.073,O=C(N1CN(C(CCCCCCCCCCCCCCC)=O)CC(OC(CCN(C)C)=O)C1)CCCCCCCCCCCCCC
KZ-7,"1,3-distearoylhexahydropyrimidin-5-yl 3-(dimethylamino)propanoate",C45H87N3O4,734.208,O=C(N1CN(C(CCCCCCCCCCCCCCCCC)=O)CC(OC(CCN(C)C)=O)C1)CCCCCCCCCCCCCCCCC
KZ-8,"1,3-dioleoylhexahydropyrimidin-5-yl 3-(dimethylamino)propanoate",C45H83N3O4,730.176,O=C(N1CN(C(CCCCCCC/C=C\CCCCCCCC)=O)CC(OC(CCN(C)C)=O)C1)CCCCCCC/C=C\CCCCCCCC
KZ-9,"1,3-dioctanoylhexahydropyrimidin-5-yl (2-(dimethylamino)ethyl)carbamate",C25H48N4O4,468.683,O=C(N1CN(C(CCCCCCC)=O)CC(OC(NCCN(C)C)=O)C1)CCCCCCC
KZ-10,"1,3-dinonanoylhexahydropyrimidin-5-yl (2-(dimethylamino)ethyl)carbamate",C27H52N4O4,496.737,O=C(N1CN(C(CCCCCCCC)=O)CC(OC(NCCN(C)C)=O)C1)CCCCCCCC
KZ-11,"1,3-didecanoylhexahydropyrimidin-5-yl (2-(dimethylamino)ethyl)carbamate",C29H56N4O4,524.791,O=C(N1CN(C(CCCCCCCCC)=O)CC(OC(NCCN(C)C)=O)C1)CCCCCCCCC
KZ-12,"1,3-didodecanoylhexahydropyrimidin-5-yl (2-(dimethylamino)ethyl)carbamate",C33H64N4O4,580.899,O=C(N1CN(C(CCCCCCCCCCC)=O)CC(OC(NCCN(C)C)=O)C1)CCCCCCCCCCC
KZ-13,"1,3-ditetradecanoylhexahydropyrimidin-5-yl (2-(dimethylamino)ethyl)carbamate",C37H72N4O4,637.007,O=C(N1CN(C(CCCCCCCCCCCCC)=O)CC(OC(NCCN(C)C)=O)C1)CCCCCCCCCCCCC
KZ-14,"1,3-diheptadecanoylhexahydropyrimidin-5-yl (2-(dimethylamino)ethyl)carbamate",C43H84N4O4,721.169,O=C(N1CN(C(CCCCCCCCCCCCCCCC)=O)CC(OC(NCCN(C)C)=O)C1)CCCCCCCCCCCCCCCC
KZ-15,"1,3-dioleoylhexahydropyrimidin-5-yl (2-(dimethylamino)ethyl)carbamate",C45H84N4O4,745.191,O=C(N1CN(C(CCCCCCC/C=C\CCCCCCCC)=O)CC(OC(NCCN(C)C)=O)C1)CCCCCCC/C=C\CCCCCCCC
KZ-16,"3-(diethylamino)propyl (1,3-diheptadecanoylhexahydropyrimidin-5-yl) carbonate",C46H89N3O5,764.234,O=C(N1CN(C(CCCCCCCCCCCCCCCC)=O)CC(OC(OCCCN(CC)CC)=O)C1)CCCCCCCCCCCCCCCC
KZ-17,"2,3-didodecanamidopropyl (2-(dimethylamino)ethyl)carbamate",C32H64N4O4,568.888,O=C(NCC(NC(CCCCCCCCCCC)=O)COC(NCCN(C)C)=O)CCCCCCCCCCC
KZ-18,"2,3-didodecanamidopropyl (3-(diethylamino)propyl) carbonate",C35H69N3O5,611.953,O=C(NCC(NC(CCCCCCCCCCC)=O)COC(OCCCN(CC)CC)=O)CCCCCCCCCCC
KZ-19,"2,3-didodecanamidopropyl 4-(dimethylamino)butanoate",C33H65N3O4,567.9,O=C(NCC(NC(CCCCCCCCCCC)=O)COC(CCCN(C)C)=O)CCCCCCCCCCC
KZ-20,"2,3-ditetradecanamidopropyl (2-(dimethylamino)ethyl)carbamate",C36H72N4O4,624.996,O=C(NCC(NC(CCCCCCCCCCCCC)=O)COC(NCCN(C)C)=O)CCCCCCCCCCCCC
KZ-21,"3-(diethylamino)propyl (2,3-ditetradecanamidopropyl) carbonate",C39H77N3O5,668.061,O=C(NCC(NC(CCCCCCCCCCCCC)=O)COC(OCCCN(CC)CC)=O)CCCCCCCCCCCCC
KZ-22,"2,3-ditetradecanamidopropyl 4-(dimethylamino)butanoate",C37H73N3O4,624.008,O=C(NCC(NC(CCCCCCCCCCCCC)=O)COC(CCCN(C)C)=O)CCCCCCCCCCCCC
KZ-23,"2,3-dipalmitamidopropyl (2-(dimethylamino)ethyl)carbamate",C40H80N4O4,681.104,O=C(NCC(NC(CCCCCCCCCCCCCCC)=O)COC(NCCN(C)C)=O)CCCCCCCCCCCCCCC
KZ-24,"3-(diethylamino)propyl (2,3-dipalmitamidopropyl) carbonate",C43H85N3O5,724.169,O=C(NCC(NC(CCCCCCCCCCCCCCC)=O)COC(OCCCN(CC)CC)=O)CCCCCCCCCCCCCCC
KZ-25,"2,3-dipalmitamidopropyl 4-(dimethylamino)butanoate",C41H81N3O4,680.116,O=C(NCC(NC(CCCCCCCCCCCCCCC)=O)COC(CCCN(C)C)=O)CCCCCCCCCCCCCCC
KZ-26,"1,3-didecanamidopropan-2-yl 4-(dimethylamino)butanoate",C29H57N3O4,511.792,O=C(CCCN(C)C)OC(CNC(CCCCCCCCC)=O)CNC(CCCCCCCCC)=O
KZ-27,"N,N'-(3-hydroxypropane-1,2-diyl)dioleamide",C39H74N2O3,619.032,O=C(CCCCCCC/C=C\CCCCCCCC)NCC(NC(CCCCCCC/C=C\CCCCCCCC)=O)CO
KZ-28,"2,3-dioleamidopropyl 4-(dimethylamino)butanoate",C45H85N3O4,732.192,O=C(CCCCCCC/C=C\CCCCCCCC)NCC(NC(CCCCCCC/C=C\CCCCCCCC)=O)COC(CCCN(C)C)=O
3,"1,1',1'',1'''-(1,4,8,12-tetraazacyclopentadecane-1,4,8,12-tetrayl)tetrakis(tridecan-1-ol)",C63H130N4O4,1007.76,OC(CCCCCCCCCCCC)N1CCCN(C(CCCCCCCCCCCC)O)CCN(C(CCCCCCCCCCCC)O)CCCN(C(O)CCCCCCCCCCCC)CCC1
8,"tetradodecyl 3,3',3'',3'''-(1,4,8,12-tetraazacyclopentadecane-1,4,8,12-tetrayl)tetrapropionate",C71H138N4O8,1175.91,O=C(OCCCCCCCCCCCC)CCN1CCN(CCC(OCCCCCCCCCCCC)=O)CCCN(CCC(OCCCCCCCCCCCC)=O)CCCN(CCC(OCCCCCCCCCCCC)=O)CCC1
13,"1,1',1'',1''',1'''',1'''''-(1,4,7,10,13,16-hexaazacyclooctadecane-1,4,7,10,13,16-hexayl)hexakis(tridecan-1-ol)",C90H186N6O6,1448.51,OC(CCCCCCCCCCCC)N1CCN(C(O)CCCCCCCCCCCC)CCN(C(O)CCCCCCCCCCCC)CCN(C(CCCCCCCCCCCC)O)CCN(C(O)CCCCCCCCCCCC)CCN(C(O)CCCCCCCCCCCC)CC1
43,"1,1'-((3-((4-(bis(1-hydroxytridecyl)amino)butyl)amino)propyl)azanediyl)bis(tridecan-1-ol)",C59H123N3O4,938.65,OC(CCCCCCCCCCCC)N(C(CCCCCCCCCCCC)O)CCCCNCCCN(C(O)CCCCCCCCCCCC)C(CCCCCCCCCCCC)O
48,"didodecyl 4,17-bis(3-(dodecyloxy)-3-oxopropyl)-4,8,13,17-tetraazaicosanedioate",C70H138N4O8,1163.89,O=C(OCCCCCCCCCCCC)CCN(CCC(OCCCCCCCCCCCC)=O)CCCNCCCCNCCCN(CCC(OCCCCCCCCCCCC)=O)CCC(OCCCCCCCCCCCC)=O
53,"1,1'-((3-((4-(bis(1-hydroxytridecyl)amino)butyl)amino)propyl)azanediyl)bis(tridecan-1-ol)",C59H123N3O4,938.65,OC(CCCCCCCCCCCC)N(C(CCCCCCCCCCCC)O)CCCNCCCCN(C(O)CCCCCCCCCCCC)C(O)CCCCCCCCCCCC
58,"didodecyl 3,3'-((3-((4-(bis(3-(dodecyloxy)-3-oxopropyl)amino)butyl)amino)propyl)azanediyl)dipropionate",C67H131N3O8,1106.8,O=C(OCCCCCCCCCCCC)CCN(CCC(OCCCCCCCCCCCC)=O)CCCCNCCCN(CCC(OCCCCCCCCCCCC)=O)CCC(OCCCCCCCCCCCC)=O
108,"N1,N2-bis(2-(decyl(hydroxy)amino)ethyl)ethane-1,2-diamine",C26H58N4O2,458.78,ON(CCCCCCCCCC)CCNCCNCCN(CCCCCCCCCC)O
83,"14,23-bis(1-hydroxytridecyl)-14,17,20,23-tetraazahexatriacontane-13,24-diol",C58H122N4O4,939.64,OC(CCCCCCCCCCCC)N(C(O)CCCCCCCCCCCC)CCNCCNCCN(C(O)CCCCCCCCCCCC)C(CCCCCCCCCCCC)O
88,"didodecyl 4,13-bis(3-(dodecyloxy)-3-oxopropyl)-4,7,10,13-tetraazahexadecanedioate",C66H130N4O8,1107.79,O=C(OCCCCCCCCCCCC)CCN(CCC(OCCCCCCCCCCCC)=O)CCNCCNCCN(CCC(OCCCCCCCCCCCC)=O)CCC(OCCCCCCCCCCCC)=O
90,"N1,N16-didodecyl-4,13-bis(3-(dodecylamino)-3-oxopropyl)-4,7,10,13-tetraazahexadecanediamide",C66H134N8O4,1103.85,O=C(NCCCCCCCCCCCC)CCN(CCC(NCCCCCCCCCCCC)=O)CCNCCNCCN(CCC(NCCCCCCCCCCCC)=O)CCC(NCCCCCCCCCCCC)=O
91,"1,1',1'',1'''-(1,4,8,12-tetraazacyclopentadecane-1,4,8,12-tetrayl)tetrakis(pentadecan-1-ol)",C71H146N4O4,1119.97,OC(CCCCCCCCCCCCCC)N1CCCN(C(CCCCCCCCCCCCCC)O)CCCN(C(O)CCCCCCCCCCCCCC)CCN(C(CCCCCCCCCCCCCC)O)CCC1
92,"1,1',1'',1'''-(1,4,8,12-tetraazacyclopentadecane-1,4,8,12-tetrayl)tetrakis(undecan-1-ol)",C55H114N4O4,895.54,OC(CCCCCCCCCC)N1CCCN(C(CCCCCCCCCC)O)CCCN(C(CCCCCCCCCC)O)CCN(C(O)CCCCCCCCCC)CCC1
93,"1,1',1'',1''',1'''',1'''''-(1,4,7,10,13,16-hexaazacyclooctadecane-1,4,7,10,13,16-hexayl)hexakis(pentadecan-1-ol)",C102H210N6O6,1616.84,OC(CCCCCCCCCCCCCC)N1CCN(C(O)CCCCCCCCCCCCCC)CCN(C(CCCCCCCCCCCCCC)O)CCN(C(O)CCCCCCCCCCCCCC)CCN(C(O)CCCCCCCCCCCCCC)CCN(C(CCCCCCCCCCCCCC)O)CC1
94,"1,1',1'',1''',1'''',1'''''-(1,4,7,10,13,16-hexaazacyclooctadecane-1,4,7,10,13,16-hexayl)hexakis(undecan-1-ol)",C78H162N6O6,1280.19,OC(CCCCCCCCCC)N1CCN(C(O)CCCCCCCCCC)CCN(C(CCCCCCCCCC)O)CCN(C(O)CCCCCCCCCC)CCN(C(O)CCCCCCCCCC)CCN(C(CCCCCCCCCC)O)CC1
95,"1,1',1'',1'''-(1,4,7,10-tetraazacyclododecane-1,4,7,10-tetrayl)tetrakis(pentadecan-1-ol)",C68H140N4O4,1077.89,OC(CCCCCCCCCCCCCC)N1CCN(C(O)CCCCCCCCCCCCCC)CCN(C(CCCCCCCCCCCCCC)O)CCN(C(O)CCCCCCCCCCCCCC)CC1
96,"1,1',1'',1'''-(1,4,7,10-tetraazacyclododecane-1,4,7,10-tetrayl)tetrakis(undecan-1-ol)",C52H108N4O4,853.46,OC(CCCCCCCCCC)N1CCN(C(O)CCCCCCCCCC)CCN(C(CCCCCCCCCC)O)CCN(C(O)CCCCCCCCCC)CC1
97,"1,1',1'',1'''-(1,4,8,11-tetraazacyclotetradecane-1,4,8,11-tetrayl)tetrakis(pentadecan-1-ol)",C70H144N4O4,1105.95,OC(CCCCCCCCCCCCCC)N1CCN(C(O)CCCCCCCCCCCCCC)CCCN(C(O)CCCCCCCCCCCCCC)CCN(C(CCCCCCCCCCCCCC)O)CCC1
98,"1,1',1'',1'''-(1,4,8,11-tetraazacyclotetradecane-1,4,8,11-tetrayl)tetrakis(undecan-1-ol)",C54H112N4O4,881.51,OC(CCCCCCCCCC)N1CCN(C(O)CCCCCCCCCC)CCCN(C(O)CCCCCCCCCC)CCN(C(CCCCCCCCCC)O)CCC1
99,"16,29-bis(1-hydroxypentadecyl)-16,20,25,29-tetraazatetratetracontane-15,30-diol",C70H146N4O4,1107.96,OC(CCCCCCCCCCCCCC)N(C(O)CCCCCCCCCCCCCC)CCCNCCCCNCCCN(C(CCCCCCCCCCCCCC)O)C(O)CCCCCCCCCCCCCC
100,"12,25-bis(1-hydroxyundecyl)-12,16,21,25-tetraazahexatriacontane-11,26-diol",C54H114N4O4,883.53,OC(CCCCCCCCCC)N(C(O)CCCCCCCCCC)CCCNCCCCNCCCN(C(CCCCCCCCCC)O)C(O)CCCCCCCCCC
101,"1,1'-((3-((4-(bis(1-hydroxypentadecyl)amino)butyl)amino)propyl)azanediyl)bis(pentadecan-1-ol)",C67H139N3O4,1050.87,OC(CCCCCCCCCCCCCC)N(C(O)CCCCCCCCCCCCCC)CCCNCCCCN(C(O)CCCCCCCCCCCCCC)C(CCCCCCCCCCCCCC)O
102,"1,1'-((3-((4-(bis(1-hydroxyundecyl)amino)butyl)amino)propyl)azanediyl)bis(undecan-1-ol)",C51H107N3O4,826.43,OC(CCCCCCCCCC)N(C(O)CCCCCCCCCC)CCCNCCCCN(C(O)CCCCCCCCCC)C(CCCCCCCCCC)O
18:1 (Δ9-Cis) PG,"2,3-dihydroxypropyl ((R)-2-(((Z)-octadec-11-enoyl)oxy)-3-(oleoyloxy)propyl) phosphate",C42H78O10P-,774.05,[H][C@@](COP([O-])(OCC(CO)O)=O)(OC(CCCCCCCCC/C=C\CCCCCC)=O)COC(CCCCCCC/C=C\CCCCCCCC)=O
oleic acid,oleic acid,C18H34O2,282.47,CCCCCCCC/C=C\CCCCCCCC(O)=O
DOPE,"2-ammonioethyl ((R)-2,3-bis(oleoyloxy)propyl) phosphate",C41H78NO8P,744.05,[H][C@@](COP(OCC[NH3+])([O-])=O)(OC(CCCCCCC/C=C\CCCCCCCC)=O)COC(CCCCCCC/C=C\CCCCCCCC)=O
DSPC,"(R)-2,3-bis(palmitoyloxy)propyl (2-(trimethylammonio)ethyl) phosphate",C40H80NO8P,734.05,[H][C@@](COP(OCC[N+](C)(C)C)([O-])=O)(OC(CCCCCCCCCCCCCCC)=O)COC(CCCCCCCCCCCCCCC)=O
DOPC,(R)-3-(((Z)-octadec-9-en-1-yl)oxy)-2-(oleoyloxy)propyl (2-(trimethylammonio)ethyl) phosphate,C44H86NO7P,772.15,[H][C@@](COP(OCC[N+](C)(C)C)([O-])=O)(OC(CCCCCCC/C=C\CCCCCCCC)=O)COCCCCCCCC/C=C\CCCCCCCC
18:1 Lyso PC,(R)-2-hydroxy-3-(oleoyloxy)propyl (2-(trimethylammonio)ethyl) phosphate, C26H52NO7P,521.68,[H][C@@](COP(OCC[N+](C)(C)C)([O-])=O)(O)COC(CCCCCCC/C=C\CCCCCCCC)=O
18:1 Lyso,(R)-2-ammonioethyl (2-hydroxy-3-(oleoyloxy)propyl) phosphate,C23H46NO7P,479.59,[H][C@@](COP(OCC[NH3+])([O-])=O)(O)COC(CCCCCCC/C=C\CCCCCCCC)=O
18:1 Monomethyl PE,"(R)-2,3-bis(oleoyloxy)propyl (2-(methylammonio)ethyl) phosphate", C42H80NO8P,758.07,[H][C@@](COP(OCC[N+]([H])(C)[H])([O-])=O)(OC(CCCCCCC/C=C\CCCCCCCC)=O)COC(CCCCCCC/C=C\CCCCCCCC)=O
18:1 Dimethyl PE,"(R)-2,3-bis(oleoyloxy)propyl (2-(dimethylammonio)ethyl) phosphate",C43H82NO8P,772.1,[H][C@@](COP(OCC[N+](C)(C)[H])([O-])=O)(OC(CCCCCCC/C=C\CCCCCCCC)=O)COC(CCCCCCC/C=C\CCCCCCCC)=O
18:1 CAP PE,"2-(6-ammoniohexanamido)ethyl ((R)-2,3-bis(oleoyloxy)propyl) phosphate",C47H89N2O9P,857.21,[H][C@@](COP(OCCNC(CCCCC[NH3+])=O)([O-])=O)(OC(CCCCCCC/C=C\CCCCCCCC)=O)COC(CCCCCCC/C=C\CCCCCCCC)=O
18:1 Phosphatidylmethanol,methyl ((R)-2-(((Z)-octadec-11-enoyl)oxy)-3-(oleoyloxy)propyl) phosphate,C40H74O8P-,714,[H][C@@](COP(C)(OC)=O)(OC(CCCCCCCCC/C=C\CCCCCC)=O)COC(CCCCCCC/C=C\CCCCCCCC)=O.[O-].[Na+]
18:1 Phosphatidylethanol,ethyl ((R)-2-(((Z)-octadec-11-enoyl)oxy)-3-(oleoyloxy)propyl) phosphate, C41H76O8P-,728.03,[H][C@@](COP([O-])(OCC)=O)(OC(CCCCCCCCC/C=C\CCCCCC)=O)COC(CCCCCCC/C=C\CCCCCCCC)=O
18:1 Phosphatidylpropanol,(R)-2-(((Z)-octadec-11-enoyl)oxy)-3-(oleoyloxy)propyl propyl phosphate, C42H78O8P-,742.05,[H][C@@](COP([O-])(OCCC)=O)(OC(CCCCCCCCC/C=C\CCCCCC)=O)COC(CCCCCCC/C=C\CCCCCCCC)=O
Biotinyl PE,"(R)-2-(((Z)-octadec-11-enoyl)oxy)-3-(oleoyloxy)propyl (2-(5-((3aS,4S,6aR)-2-oxohexahydro-1H-thieno[3,4-d]imidazol-4-yl)pentanamido)ethyl) phosphate",C51H91N3O10PS-,969.33,[H][C@@](COP([O-])(OCCNC(CCCC[C@]1([C@](NC2=O)([H])[C@](N2)([H])CS1)[H])=O)=O)(OC(CCCCCCCCC/C=C\CCCCCC)=O)COC(CCCCCCC/C=C\CCCCCCCC)=O
18:1 PA,(R)-2-(((Z)-octadec-11-enoyl)oxy)-3-(oleoyloxy)propyl hydrogen phosphate,C39H72O8P-,699.97,[H][C@@](COP([O-])(O[H])=O)(OC(CCCCCCCCC/C=C\CCCCCC)=O)COC(CCCCCCC/C=C\CCCCCCCC)=O
18:1 PS(DOPS),(S)-2-ammonio-3-((((R)-2-(((Z)-octadec-11-enoyl)oxy)-3-(oleoyloxy)propoxy)oxidophosphoryl)oxy)propanoate,C42H77NO10P-,787.05,[H][C@@](COP([O-])(OC[C@]([H])([NH3+])C([O-])=O)=O)(OC(CCCCCCCCC/C=C\CCCCCC)=O)COC(CCCCCCC/C=C\CCCCCCCC)=O
DOTAP,"N,N,N-trimethyl-3-(((Z)-octadec-9-en-1-yl)oxy)-2-(oleoyloxy)propan-1-aminium",C42H82NO3+,649.12,[H]C(COCCCCCCCC/C=C\CCCCCCCC)(OC(CCCCCCC/C=C\CCCCCCCC)=O)C[N+](C)(C)C
18:0 DDAB,"N,N-dimethyl-N-octadecyloctadecan-1-aminium",C38H80N+,551.06,C[N+](CCCCCCCCCCCCCCCCCC)(C)CCCCCCCCCCCCCCCCCC
DOTMA,"N,N,N-trimethyl-2,3-bis(((Z)-octadec-9-en-1-yl)oxy)propan-1-aminium",C42H84NO2+,635.14,[H]C(COCCCCCCCC/C=C\CCCCCCCC)(OCCCCCCCC/C=C\CCCCCCCC)C[N+](C)(C)C
20a-OH,"(3S,8S,9S,10R,13S,14S,17S)-17-((R)-2-hydroxy-6-methylheptan-2-yl)-10,13-dimethyl-2,3,4,7,8,9,10,11,12,13,14,15,16,17-tetradecahydro-1H-cyclopenta[a]phenanthren-3-ol",C27H46O2,402.66,CC(CCC[C@@](C)(O)[C@@](CC[C@]1([C@](CC=C2C[C@@](O)(CC[C@]32C)[H])4[H])[H])([C@]1(CC[C@@]43[H])C)[H])C
25-OH,"(3S,8S,9S,10R,13R,14S,17R)-17-((R)-6-hydroxy-6-methylheptan-2-yl)-10,13-dimethyl-2,3,4,7,8,9,10,11,12,13,14,15,16,17-tetradecahydro-1H-cyclopenta[a]phenanthren-3-ol", C27H46O2,402.66,[H][C@@]12[C@]([C@](CC[C@H](O)C3)(C)C3=CC2)([H])CC[C@@]4(C)[C@@]1([H])CC[C@]4([H])[C@]([H])(C)CCCC(C)(O)C
27-OH,"(3S,8S,9S,10R,13R,14S,17R)-17-((2R,6R)-7-hydroxy-6-methylheptan-2-yl)-10,13-dimethyl-2,3,4,7,8,9,10,11,12,13,14,15,16,17-tetradecahydro-1H-cyclopenta[a]phenanthren-3-ol",C27H46O2,402.66,[H][C@@]12[C@]([C@](CC[C@H](O)C3)(C)C3=CC2)([H])CC[C@@]4(C)[C@@]1([H])CC[C@]4([H])[C@]([H])(C)CCC[C@@H](C)CO
4B-OH cholesterol,"(3S,4R,8S,9S,10R,13R,14S,17R)-10,13-dimethyl-17-((R)-6-methylheptan-2-yl)-2,3,4,7,8,9,10,11,12,13,14,15,16,17-tetradecahydro-1H-cyclopenta[a]phenanthrene-3,4-diol",C27H46O2,402.66,[H][C@@]12[C@]([C@](CC[C@H](O)[C@@H]3O)(C)C3=CC2)([H])CC[C@@]4(C)[C@@]1([H])CC[C@]4([H])[C@]([H])(C)CCCC(C)C
6-keto-5a-OH,"(3S,5R,8S,9S,10R,13R,14S,17R)-3,5-dihydroxy-10,13-dimethyl-17-((R)-6-methylheptan-2-yl)hexadecahydro-6H-cyclopenta[a]phenanthren-6-one",C27H46O3,418.66,[H][C@@]12[C@]([C@](CC[C@H](O)C3)(C)[C@@]3(O)C(C2)=O)([H])CC[C@@]4(C)[C@@]1([H])CC[C@]4([H])[C@]([H])(C)CCCC(C)C
7-keto,"(3S,8S,9S,10R,13R,14S,17R)-3-hydroxy-10,13-dimethyl-17-((R)-6-methylheptan-2-yl)-1,2,3,4,8,9,10,11,12,13,14,15,16,17-tetradecahydro-7H-cyclopenta[a]phenanthren-7-one",C27H44O2,400.65,C[C@]12CC[C@@]([C@](CC[C@H](O)C3)(C)C3=CC4=O)([H])[C@]4([H])[C@]1([H])CC[C@]2([H])[C@]([H])(C)CCCC(C)C
7A-OH cholesterol,"(3S,7S,8S,9S,10R,13R,14S,17R)-10,13-dimethyl-17-((R)-6-methylheptan-2-yl)-2,3,4,7,8,9,10,11,12,13,14,15,16,17-tetradecahydro-1H-cyclopenta[a]phenanthrene-3,7-diol",C27H46O2,402.66,[H][C@@]12[C@]([C@](CC[C@H](O)C3)(C)C3=C[C@H]2O)([H])CC[C@@]4(C)[C@@]1([H])CC[C@]4([H])[C@]([H])(C)CCCC(C)C
7b-25-dihydroxy,"(3S,7R)-17-(6-hydroxy-6-methylheptan-2-yl)-10,13-dimethyl-2,3,4,7,8,9,10,11,12,13,14,15,16,17-tetradecahydro-1H-cyclopenta[a]phenanthrene-3,7-diol",C27H46O3, 418.66,CC1(CC[C@H](O)C2)C2=C[C@H](O)C3C1CCC4(C)C3CCC4C(CCCC(C)(O)C)C
7B-OH cholesterol,"(3S,7R,8S,9S,10R,13R,14S,17R)-10,13-dimethyl-17-((R)-6-methylheptan-2-yl)-2,3,4,7,8,9,10,11,12,13,14,15,16,17-tetradecahydro-1H-cyclopenta[a]phenanthrene-3,7-diol", C27H46O2,402.66,[H][C@@]12[C@]([C@](CC[C@H](O)C3)(C)C3=C[C@@H]2O)([H])CC[C@@]4(C)[C@@]1([H])CC[C@]4([H])[C@]([H])(C)CCCC(C)C
beta-Sitosterol,"(8S,9S,10R,13R,14S,17R)-17-((2R,5R)-5-ethyl-6-methylheptan-2-yl)-10,13-dimethyl-2,3,4,7,8,9,10,11,12,13,14,15,16,17-tetradecahydro-1H-cyclopenta[a]phenanthren-3-ol",C29H50O,414.72,C[C@H](CC[C@@H](CC)C(C)C)[C@H]1CC[C@@]2([H])[C@]3([H])CC=C4CC(O)CC[C@]4(C)[C@@]3([H])CC[C@]12C
Campesterol,"(3S,8S,9S,10R,13R,14S,17R)-17-((2R,5R)-5,6-dimethylheptan-2-yl)-10,13-dimethyl-2,3,4,7,8,9,10,11,12,13,14,15,16,17-tetradecahydro-1H-cyclopenta[a]phenanthren-3-ol",C28H48O,400.69,C[C@]12CC[C@@]([C@](CC[C@H](O)C3)(C)C3=CC4)([H])[C@]4([H])[C@]1([H])CC[C@]2([H])[C@H](C)CC[C@@H](C)C(C)C
cholesterol,"(3S,8S,9S,10R,13R,14S,17R)-10,13-dimethyl-17-((R)-6-methylheptan-2-yl)-2,3,4,7,8,9,10,11,12,13,14,15,16,17-tetradecahydro-1H-cyclopenta[a]phenanthren-3-ol", C27H46O,386.66,CC(CCC[C@@H](C)[C@@](CC[C@]1([C@](CC=C2C[C@@](O)(CC[C@]32C)[H])4[H])[H])([C@]1(CC[C@@]43[H])C)[H])C
Cholesteryl Oleate,"(3S,10R,13R)-10,13-dimethyl-17-((R)-6-methylheptan-2-yl)-2,3,4,7,8,9,10,11,12,13,14,15,16,17-tetradecahydro-1H-cyclopenta[a]phenanthren-3-yl oleate",C45H78O2,651.12,C[C@]1(CC[C@H](OC(CCCCCCC/C=C\CCCCCCCC)=O)C2)C2=CCC3C1CC[C@@]4(C)C3CCC4[C@@H](CCCC(C)C)C
Cholesteryl Stearate,"(3S,8S,9S,10R,13R,14S,17R)-10,13-dimethyl-17-((R)-6-methylheptan-2-yl)-2,3,4,7,8,9,10,11,12,13,14,15,16,17-tetradecahydro-1H-cyclopenta[a]phenanthren-3-yl stearate",C45H80O2,653.13,CCCCCCCCCCCCCCCCCC(O[C@H]1CC[C@]2(C)[C@@]3([H])CC[C@]4(C)[C@@H]([C@H](C)CCCC(C)C)CC[C@@]4([H])[C@]3([H])CC=C2C1)=O
Desmosterol,"(3S,8S,9S,10R,13R,14S,17R)-10,13-dimethyl-17-((R)-6-methylhept-5-en-2-yl)-2,3,4,7,8,9,10,11,12,13,14,15,16,17-tetradecahydro-1H-cyclopenta[a]phenanthren-3-ol",C27H44O,384.65,[H][C@@]12[C@]([C@](CC[C@H](O)C3)(C)C3=CC2)([H])CC[C@@]4(C)[C@@]1([H])CC[C@]4([H])[C@]([H])(C)CC/C=C(C)/C
DHEA,"(3S,9S,10R,13S,14S)-3-hydroxy-10,13-dimethyl-1,2,3,4,7,8,9,10,11,12,13,14,15,16-tetradecahydro-17H-cyclopenta[a]phenanthren-17-one",C19H28O2,288.43,C[C@]12CC[C@@]([C@](CC[C@H](O)C3)(C)C3=CC4)([H])C4[C@]1([H])CCC2=O
Lanosterol,"(3S,8S,9S,10R,13R,14S,17R)-10,13-dimethyl-17-((R)-6-methylhept-5-en-2-yl)-2,3,4,7,8,9,10,11,12,13,14,15,16,17-tetradecahydro-1H-cyclopenta[a]phenanthren-3-ol",C27H44O,384.65,[H][C@@]12[C@]([C@](CC[C@H](O)C3)(C)C3=CC2)([H])CC[C@@]4(C)[C@@]1([H])CC[C@]4([H])[C@]([H])(C)CC/C=C(C)/C
Lathosterol,"(3S,5S,9R,10S,13R,14R,17R)-10,13-dimethyl-17-((R)-6-methylheptan-2-yl)-2,3,4,5,6,9,10,11,12,13,14,15,16,17-tetradecahydro-1H-cyclopenta[a]phenanthren-3-ol",C27H46O,386.66,[H][C@]12C3=CC[C@@]4([H])C[C@@H](O)CC[C@]4(C)[C@@]3([H])CC[C@]1(C)[C@@H]([C@@H](CCCC(C)C)C)CC2
Pregnenolone,"1-((3S,8S,9S,10R,13S,14S,17S)-3-hydroxy-10,13-dimethyl-2,3,4,7,8,9,10,11,12,13,14,15,16,17-tetradecahydro-1H-cyclopenta[a]phenanthren-17-yl)ethan-1-one",C21H32O2,316.49,O[C@H]1CC[C@]2(C)[C@@]3([H])CC[C@]4(C)[C@@H](C(C)=O)CC[C@@]4([H])[C@]3([H])CC=C2C1
Stigmasterol,"(3S,8S,9S,10R,13R,14S,17R)-17-((2R,5S,E)-5-ethyl-6-methylhept-3-en-2-yl)-10,13-dimethyl-2,3,4,7,8,9,10,11,12,13,14,15,16,17-tetradecahydro-1H-cyclopenta[a]phenanthren-3-ol",C29H48O,412.7,O[C@H]1CC[C@]2(C)[C@@]3([H])CC[C@]4(C)[C@@H]([C@H](C)/C=C/[C@H](C(C)C)CC)CC[C@@]4([H])[C@]3([H])CC=C2C1
MH-01,acetate cholesterol,C29H48O2,428.7,C[C@H](CCCC(C)C)C1CC[C@@]2([H])[C@]3([H])CC=C4C[C@@H](OC(C)=O)CC[C@]4(C)[C@@]3([H])CC[C@@]21C
MH-02,methylether cholesterol,C28H48O,400.691,C[C@H](CCCC(C)C)C1CC[C@@]2([H])[C@]3([H])CC=C4C[C@@H](OC)CC[C@]4(C)[C@@]3([H])CC[C@@]21C
MH-06,cholesterol linoleate,C45H76O2,649.101,C[C@H](CCCC(C)C)C1CC[C@@]2([H])[C@]3([H])CC=C4C[C@@H](OC(CCCCCCC/C=C\C/C=C\CCCCC)=O)CC[C@]4(C)[C@@]3([H])CC[C@@]21C
MH-07,cholesterol linolenate,C45H74O2,647.09,C[C@H](CCCC(C)C)C1CC[C@@]2([H])[C@]3([H])CC=C4C[C@@H](OC(CCCCCCC/C=C\C/C=C\C/C=C\CC)=O)CC[C@]4(C)[C@@]3([H])CC[C@@]21C
MH-08,cholesterol geraneate,C38H62O3,566.911,C[C@H](CCCC(C)C)C1CC[C@@]2([H])[C@]3([H])CC=C4C[C@@H](OC(OC/C=C(C)/CC/C=C(C)/C)=O)CC[C@]4(C)[C@@]3([H])CC[C@@]21C
C14PEG2000,"1,2-dimyristoyl-sn-glycero-3-phosphoethanolamine-N-[methoxy(polyethylene glycol)-2000] (ammonium salt)",,2675.63,[H][C@@](COP([O-])(OCCNC(OCCOCCOCCOCCOCCOCCOCCOCCOCCOCCOCCOCCOCCOCCOCCOCCOCCOCCOCCOCCOCCOCCOCCOCCOCCOCCOCCOCCOCCOCCOCCOCCOCCOCCOCCOCCOCCOCCOCCOCCOCCOCCOCCOCCOCCOC)=O)=O)(OC(CCCCCCCCCCCCC)=O)COC(CCCCCCCCCCCCC)=O
C16PEG350,"1,2-dipalmitoyl-sn-glycero-3-phosphoethanolamine-N-[methoxy(polyethylene glycol)-350] (ammonium salt)",,1057.37,[H][C@@](COP([O-])(OCCNC(OCCOCCOCCOCCOCCOCCOCCOC)=O)=O)(OC(CCCCCCCCCCCCCCC)=O)COC(CCCCCCCCCCCCCCC)=O
C18PEG350,"1,2-distearoyl-sn-glycero-3-phosphoethanolamine-N-[methoxy(polyethylene glycol)-350] (ammonium salt)",,1113.48,[H][C@@](COP([O-])(OCCNC(OCCOCCOCCOCCOCCOCCOCCOC)=O)=O)(OC(CCCCCCCCCCCCCCCCC)=O)COC(CCCCCCCCCCCCCCCCC)=O.[NH4+]
C18PEG3000,"1,2-distearoyl-sn-glycero-3-phosphoethanolamine-N-[methoxy(polyethylene glycol)-3000] (ammonium salt)",,3756.66,[H][C@@](COP([O-])(OCCNC(OCCOCCOCCOCCOCCOCCOCCOCCOCCOCCOCCOCCOCCOCCOCCOCCOCCOCCOCCOCCOCCOCCOCCOCCOCCOCCOCCOCCOCCOCCOCCOCCOCCOCCOCCOCCOCCOCCOCCOCCOCCOCCOCCOCCOCCOCCOCCOCCOCCOCCOCCOCCOCCOCCOCCOCCOCCOCCOCCOCCOCCOCCOCCOCCOCCOCCOCCOC)=O)=O)(OC(CCCCCCCCCCCCCCCCC)=O)COC(CCCCCCCCCCCCCCCCC)=O
C16PEG350,"1,2-dipalmitoyl-sn-glycero-3-phosphoethanolamine-N-[methoxy(polyethylene glycol)-350] (ammonium salt)",,1057.7,[H][C@@](COP([O-])(OCCNC(OCCOCCOCCOCCOCCOCCOCCOC)=O)=O)(OC(CCCCCCCCCCCCCCC)=O)COC(CCCCCCCCCCCCCCC)=O.[NH4+]
C14PEG350,"1,2-dimyristoyl-sn-glycero-3-phosphoethanolamine-N-[methoxy(polyethylene glycol)-350] (ammonium salt)",,1001.26,[H][C@@](COP([O-])(OCCNC(OCCOCCOCCOCCOCCOCCOCCOC)=O)=O)(OC(CCCCCCCCCCCCC)=O)COC(CCCCCCCCCCCCC)=O
C14PEG5000,"1,2-dimyristoyl-sn-glycero-3-phosphoethanolamine-N-[methoxy(polyethylene glycol)-5000] (ammonium salt)",,5670.88,[H][C@@](COP([O-])(OCCNC(OCCOCCOCCOCCOCCOCCOCCOCCOCCOCCOCCOCCOCCOCCOCCOCCOCCOCCOCCOCCOCCOCCOCCOCCOCCOCCOCCOCCOCCOCCOCCOCCOCCOCCOCCOCCOCCOCCOCCOCCOCCOCCOCCOCCOCCOCCOCCOCCOCCOCCOCCOCCOCCOCCOCCOCCOCCOCCOCCOCCOCCOCCOCCOCCOCCOCCOCCOCCOCCOCCOCCOCCOCCOCCOCCOCCOCCOCCOCCOCCOCCOCCOCCOCCOCCOCCOCCOCCOCCOCCOCCOCCOCCOCCOCCOCCOCCOCCOCCOCCOCCOCCOCCOCCOCCOCCOCCOCCOCCOCCOCCOCCOCCOC)=O)=O)(OC(CCCCCCCCCCCCCCC)=O)COC(CCCCCCCCCCCCCCC)=O
C16PEG5000,"1,2-dipalmitoyl-sn-glycero-3-phosphoethanolamine-N-[methoxy(polyethylene glycol)-5000] (ammonium salt)",,5726.99,[H][C@@](COP([O-])(OCCNC(OCCOCCOCCOCCOCCOCCOCCOCCOCCOCCOCCOCCOCCOCCOCCOCCOCCOCCOCCOCCOCCOCCOCCOCCOCCOCCOCCOCCOCCOCCOCCOCCOCCOCCOCCOCCOCCOCCOCCOCCOCCOCCOCCOCCOCCOCCOCCOCCOCCOCCOCCOCCOCCOCCOCCOCCOCCOCCOCCOCCOCCOCCOCCOCCOCCOCCOCCOCCOCCOCCOCCOCCOCCOCCOCCOCCOCCOCCOCCOCCOCCOCCOCCOCCOCCOCCOCCOCCOCCOCCOCCOCCOCCOCCOCCOCCOCCOCCOCCOCCOCCOCCOCCOCCOCCOCCOCCOCCOCCOCCOCCOCCOCCOC)=O)=O)(OC(CCCCCCCCCCCCCCC)=O)COC(CCCCCCCCCCCCCCC)=O
C18PEG5000,"1,2-distearoyl-sn-glycero-3-phosphoethanolamine-N-[methoxy(polyethylene glycol)-5000] (ammonium salt)",,5783.1,[H][C@@](OC(CCCCCCCCCCCCCCCCC)=O)(COC(CCCCCCCCCCCCCCCCC)=O)COP([O-])(OCCNC(OCCOCCOCCOCCOCCOCCOCCOCCOCCOCCOCCOCCOCCOCCOCCOCCOCCOCCOCCOCCOCCOCCOCCOCCOCCOCCOCCOCCOCCOCCOCCOCCOCCOCCOCCOCCOCCOCCOCCOCCOCCOCCOCCOCCOCCOCCOCCOCCOCCOCCOCCOCCOCCOCCOCCOCCOCCOCCOCCOCCOCCOCCOCCOCCOCCOCCOCCOCCOCCOCCOCCOCCOCCOCCOCCOCCOCCOCCOCCOCCOCCOCCOCCOCCOCCOCCOCCOCCOCCOCCOCCOCCOCCOCCOCCOCCOCCOCCOCCOCCOCCOCCOCCOCCOCCOCCOCCOCCOCCOCCOCCOCCOCCOC)=O)=O
DC cholesterol HCL,,,,[H][C@](C1)(OC(NCC[N+](C)([H])C)=O)CC[C@@]2(C)C1=CC[C@]3([H])[C@]2([H])CC[C@@]4(C)[C@@]3([H])CC[C@]4([H])[C@@H](C)CCCC(C)C.[Cl-]
18:1 Diether PC,,,,[O-]P(OCC[N+](C)(C)C)(OC[C@]([H])(OCCCCCCCC/C=C\CCCCCCCC)COCCCCCCCC/C=C\CCCCCCCC)=O
16:0 - 18:1 PC,,,,[O-]P(OCC[N+](C)(C)C)(OC[C@]([H])(OC(CCCCCCC/C=C\CCCCCCCC)=O)COC(CCCCCCCCCCCCCCC)=O)=O
DMPC,,,,[O-]P(OCC[N+](C)(C)C)(OC[C@]([H])(OC(CCCCCCCCCCCCC)=O)COC(CCCCCCCCCCCCC)=O)=O
C16PEG2000,,,,[H][C@@](COP([O-])(OCCNC(OCCOCCOCCOCCOCCOCCOCCOCCOCCOCCOCCOCCOCCOCCOCCOCCOCCOCCOCCOCCOCCOCCOCCOCCOCCOCCOCCOCCOCCOCCOCCOCCOCCOCCOCCOCCOCCOCCOCCOCCOCCOCCOCCOCCOCCOC)=O)=O)(OC(CCCCCCCCCCCCCCC)=O)COC(CCCCCCCCCCCCCCC)=O
C14PEG3000,,,,[H][C@@](COP([O-])(OCCNC(OCCOCCOCCOCCOCCOCCOCCOCCOCCOCCOCCOCCOCCOCCOCCOCCOCCOCCOCCOCCOCCOCCOCCOCCOCCOCCOCCOCCOCCOCCOCCOCCOCCOCCOCCOCCOCCOCCOCCOCCOCCOCCOCCOCCOCCOCCOCCOCCOCCOCCOCCOCCOCCOCCOCCOCCOCCOCCOCCOCCOCCOCCOCCOCCOCCOCCOCCOC)=O)=O)(OC(CCCCCCCCCCCCC)=O)COC(CCCCCCCCCCCCC)=O.[NH4+]
C18PEG2000,,,,[H][C@@](COP([O-])(OCCNC(OCCOCCOCCOCCOCCOCCOCCOCCOCCOCCOCCOCCOCCOCCOCCOCCOCCOCCOCCOCCOCCOCCOCCOCCOCCOCCOCCOCCOCCOCCOCCOCCOCCOCCOCCOCCOCCOCCOCCOCCOCCOCCOCCOCCOCCOC)=O)=O)(OC(CCCCCCCCCCCCCCCCC)=O)COC(CCCCCCCCCCCCCCCCC)=O.[NH4+]
O Chems PC,,,,[O-]P(OCC[N+](C)(C)C)(OC[C@]([H])(OC(CCCCCCC/C=C\CCCCCCCC)=O)COC(CCCCCCCCCCCCCCC)=O)=O
gan-3-10,,,,O=C(CC1(C[C@@H]2C3)C[C@@H]3C[C@@H](C2)C1)OC[C@H](COP(OCC[N+](C)(C)C)([O-])=O)OC(CCCCCCCCCCCCC)=O
gan-3-11,,,,O=C(CC1(C[C@@H]2C3)C[C@@H]3C[C@@H](C2)C1)OC[C@H](COP(OCC[N+](C)(C)C)([O-])=O)OC(CCCCCCCCCCCCCC)=O
gan-3-13,,,,O=C(CC1(C[C@@H]2C3)C[C@@H]3C[C@@H](C2)C1)OC[C@H](COP(OCC[N+](C)(C)C)([O-])=O)OC(CCCCCCCCCCCCCCCC)=O
gan-3-14,,,,O=C(CC1(C[C@@H]2C3)C[C@@H]3C[C@@H](C2)C1)OC[C@H](COP(OCC[N+](C)(C)C)([O-])=O)OC(CCCCCCCCCCCCCCCCC)=O
gan-3-20,,,,O=C(CC1(C[C@@H]2C3)C[C@@H]3C[C@@H](C2)C1)OC[C@H](COP(OCC[N+](C)(C)C)([O-])=O)OC(CCCCCCC/C=C\C/C=C\CCCCC)=O
gan-3-5,,,,O=C(CC1(C[C@@H]2C3)C[C@@H]3C[C@@H](C2)C1)OC[C@H](COP(OCC[N+](C)(C)C)([O-])=O)OC(CCCCCCCCCCCCCCC)=O
gan-3-6,,,,O=C(CC1(C[C@@H]2C3)C[C@@H]3C[C@@H](C2)C1)OC[C@H](COP(OCC[N+](C)(C)C)([O-])=O)OC(CCCCCCCCC)=O
gan-3-7,,,,O=C(CC1(C[C@@H]2C3)C[C@@H]3C[C@@H](C2)C1)OC[C@H](COP(OCC[N+](C)(C)C)([O-])=O)OC(CCCCCCCCCC)=O
gan-3-8,,,,O=C(CC1(C[C@@H]2C3)C[C@@H]3C[C@@H](C2)C1)OC[C@H](COP(OCC[N+](C)(C)C)([O-])=O)OC(CCCCCCCCCCC)=O
gan-3-9,,,,O=C(CC1(C[C@@H]2C3)C[C@@H]3C[C@@H](C2)C1)OC[C@H](COP(OCC[N+](C)(C)C)([O-])=O)OC(CCCCCCCCCCCC)=O
gan-2-196,,,,OC(CCCCCCCCCCCCCC)CN(CC(CCCCCCCCCCCCCC)O)CC[C@]1(C[C@@H]2C3)C[C@@H]3C[C@](C2)(CCN(CC(O)CCCCCCCCCCCCCC)CC(CCCCCCCCCCCCCC)O)C1
gan-2-6,,,,CCCCC/C=C\C/C=C\CCCCCCCC(OCC(COC(C1=NNC2=C1C=CC=C2)=O)COC(CCCCCCC/C=C\C/C=C\CCCCC)=O)=O
68,,,,C=CC(N(C(O)(OCCCCCCCCCCCC)C=C)CCN(CCN(C(O)(OCCCCCCCCCCCC)C=C)C(O)(OCCCCCCCCCCCC)C=C)CCN(CCN(C(O)(OCCCCCCCCCCCC)C=C)CCN(C(O)(OCCCCCCCCCCCC)C=C)C(O)(OCCCCCCCCCCCC)C=C)CCN(CCN(C(O)(OCCCCCCCCCCCC)C=C)CCN(C(O)(OCCCCCCCCCCCC)C=C)C(O)(OCCCCCCCCCCCC)C=C)CCN(C(O)(OCCCCCCCCCCCC)C=C)CCN(CCN(C(O)(OCCCCCCCCCCCC)C=C)C(O)(OCCCCCCCCCCCC)C=C)CCN(C(O)(OCCCCCCCCCCCC)C=C)C(O)(OCCCCCCCCCCCC)C=C)(OCCCCCCCCCCCC)O
69,,,,CC(C(N(C(O)(OCCCCCCCCCCCCCCCCCC)C(C)=C)CCN(CCN(C(O)(OCCCCCCCCCCCCCCCCCC)C(C)=C)CCN(CCN(C(O)(OCCCCCCCCCCCCCCCCCC)C(C)=C)CCN(C(O)(OCCCCCCCCCCCCCCCCCC)C(C)=C)C(O)(OCCCCCCCCCCCCCCCCCC)C(C)=C)CCN(CCN(CCN(C(O)(OCCCCCCCCCCCCCCCCCC)C(C)=C)C(O)(OCCCCCCCCCCCCCCCCCC)C(C)=C)CCN(C(O)(OCCCCCCCCCCCCCCCCCC)C(C)=C)C(O)(OCCCCCCCCCCCCCCCCCC)C(C)=C)CCN(C(O)(OCCCCCCCCCCCCCCCCCC)C(C)=C)CCN(C(O)(OCCCCCCCCCCCCCCCCCC)C(C)=C)C(O)(OCCCCCCCCCCCCCCCCCC)C(C)=C)CCN(C(O)(OCCCCCCCCCCCCCCCCCC)C(C)=C)C(O)(OCCCCCCCCCCCCCCCCCC)C(C)=C)(OCCCCCCCCCCCCCCCCCC)O)=C
73,,,,OC(CCCCCCCCCCCC)CN(CC(CCCCCCCCCCCC)O)CCN(CC(CCCCCCCCCCCC)O)CCN(CCN(CCN(CC(CCCCCCCCCCCC)O)CC(CCCCCCCCCCCC)O)CCN(CC(CCCCCCCCCCCC)O)CC(CCCCCCCCCCCC)O)CCN(CCN(CC(CCCCCCCCCCCC)O)CCN(CC(CCCCCCCCCCCC)O)CC(CCCCCCCCCCCC)O)CCN(CC(CCCCCCCCCCCC)O)CCN(CCN(CC(CCCCCCCCCCCC)O)CC(CCCCCCCCCCCC)O)CCN(CC(CCCCCCCCCCCC)O)CC(CCCCCCCCCCCC)O
78,,,,C=CC(N(C(O)(OCCCCCCCCCCCC)C=C)CCN(CCN(C(O)(OCCCCCCCCCCCC)C=C)C(O)(OCCCCCCCCCCCC)C=C)CCN(CCN(C(O)(OCCCCCCCCCCCC)C=C)CCN(C(O)(OCCCCCCCCCCCC)C=C)C(O)(OCCCCCCCCCCCC)C=C)CCN(CCN(C(O)(OCCCCCCCCCCCC)C=C)CCN(C(O)(OCCCCCCCCCCCC)C=C)C(O)(OCCCCCCCCCCCC)C=C)CCN(C(O)(OCCCCCCCCCCCC)C=C)CCN(CCN(C(O)(OCCCCCCCCCCCC)C=C)C(O)(OCCCCCCCCCCCC)C=C)CCN(C(O)(OCCCCCCCCCCCC)C=C)C(O)(OCCCCCCCCCCCC)C=C)(OCCCCCCCCCCCC)O
79,,,,CC(C(N(C(O)(OCCCCCCCCCCCCCCCCCC)C(C)=C)CCN(CCN(C(O)(OCCCCCCCCCCCCCCCCCC)C(C)=C)CCN(CCN(C(O)(OCCCCCCCCCCCCCCCCCC)C(C)=C)CCN(C(O)(OCCCCCCCCCCCCCCCCCC)C(C)=C)C(O)(OCCCCCCCCCCCCCCCCCC)C(C)=C)CCN(CCN(CCN(C(O)(OCCCCCCCCCCCCCCCCCC)C(C)=C)C(O)(OCCCCCCCCCCCCCCCCCC)C(C)=C)CCN(C(O)(OCCCCCCCCCCCCCCCCCC)C(C)=C)C(O)(OCCCCCCCCCCCCCCCCCC)C(C)=C)CCN(C(O)(OCCCCCCCCCCCCCCCCCC)C(C)=C)CCN(C(O)(OCCCCCCCCCCCCCCCCCC)C(C)=C)C(O)(OCCCCCCCCCCCCCCCCCC)C(C)=C)CCN(C(O)(OCCCCCCCCCCCCCCCCCC)C(C)=C)C(O)(OCCCCCCCCCCCCCCCCCC)C(C)=C)(OCCCCCCCCCCCCCCCCCC)O)=C
80,,,,[OH]C([N](C(C=C)([NH]CCCCCCCCCCCC)[OH])CC[N](CC[N](C(C=C)([NH]CCCCCCCCCCCC)[OH])C(C=C)([NH]CCCCCCCCCCCC)[OH])CC[N](CC[N](C(C=C)([NH]CCCCCCCCCCCC)[OH])CC[N](C(C=C)([NH]CCCCCCCCCCCC)[OH])C(C=C)([NH]CCCCCCCCCCCC)[OH])CC[N](CC[N](C(C=C)([NH]CCCCCCCCCCCC)[OH])CC[N](C(C=C)([NH]CCCCCCCCCCCC)[OH])C(C=C)([NH]CCCCCCCCCCCC)[OH])CC[N](C(C=C)([NH]CCCCCCCCCCCC)[OH])CC[N](CC[N](C(C=C)([NH]CCCCCCCCCCCC)[OH])C(C=C)([NH]CCCCCCCCCCCC)[OH])CC[N](C(C=C)([NH]CCCCCCCCCCCC)[OH])C(C=C)([NH]CCCCCCCCCCCC)[OH])([NH]CCCCCCCCCCCC)C=C
104,,,,OC(CN(CC(CCCCCCCCCC)O)CCN(CC(CCCCCCCCCC)O)CCN(CCN(CCN(CC(CCCCCCCCCC)O)CC(CCCCCCCCCC)O)CCN(CC(CCCCCCCCCC)O)CC(CCCCCCCCCC)O)CCN(CCN(CC(CCCCCCCCCC)O)CCN(CC(CCCCCCCCCC)O)CC(CCCCCCCCCC)O)CCN(CC(CCCCCCCCCC)O)CCN(CCN(CC(CCCCCCCCCC)O)CC(CCCCCCCCCC)O)CCN(CC(CCCCCCCCCC)O)CC(CCCCCCCCCC)O)CCCCCCCCCC
106,,,,OC(CN(CC(CCCCCCCCCC)O)CCN(CC(CCCCCCCCCC)O)CCN(CCN(CCN(CC(CCCCCCCCCC)O)CC(CCCCCCCCCC)O)CCN(CC(CCCCCCCCCC)O)CC(CCCCCCCCCC)O)CCN(CCN(CC(CCCCCCCCCC)O)CCN(CC(CCCCCCCCCC)O)CC(CCCCCCCCCC)O)CCN(CC(CCCCCCCCCC)O)CCN(CCN(CC(CCCCCCCCCC)O)CC(CCCCCCCCCC)O)CCN(CC(CCCCCCCCCC)O)CC(CCCCCCCCCC)O)CCCCCCCCCC
7C1,,,,CCCCCCCCCCCCCC(O)CN(CC(O)CCCCCCCCCCCCC)CCN(CCN(CC(O)CCCCCCCCCCCCC)CC(O)CCCCCCCCCCCCC)CCN(CCN(CC(O)CCCCCCCCCCCCC)CCN(CC(O)CCCCCCCCCCCCC)CC(O)CCCCCCCCCCCCC)CCN(CCN(CC(O)CCCCCCCCCCCCC)CCN(CC(O)CCCCCCCCCCCCC)CC(O)CCCCCCCCCCCCC)CCN(CC(O)CCCCCCCCCCCCC)CCN(CCN(CC(O)CCCCCCCCCCCCC)CC(O)CCCCCCCCCCCCC)CCN(CC(O)CCCCCCCCCCCCC)CC(O)CCCCCCCCCCCCC
HZ-102,,,,O=C(OCC(COC(CCCCCCC/C=C\C/C=C\CCCCC)=O)COC(CCCCCCC/C=C\C/C=C\CCCCC)=O)[C@@H](N)CCSC
HZ-104,,,,O=C(OCC(COC(CCCCCCC/C=C\C/C=C\CCCCC)=O)COC(CCCCCCC/C=C\C/C=C\CCCCC)=O)[C@@H](N)CCSC
HZ-374,,,,O=C(N[C@H]1COC(CCN(CCCCCCCCCCCC)CCCCCCCCCCCC)=O)[C@H](COC(CCN(CCCCCCCCCCCC)CCCCCCCCCCCC)=O)NC1=O
HZ-375,,,,O=C(N[C@H]1COC(CCN(CCCCCCCCCC)CCCCCCCCCC)=O)[C@H](COC(CCN(CCCCCCCCCC)CCCCCCCCCC)=O)NC1=O
HZ-376,,,,O=C(N[C@H]1COC(CCN(CCCCCCCC/C=C\C/C=C\CCCCC)CCCCCCCC/C=C\C/C=C\CCCCC)=O)[C@H](COC(CCN(CCCCCCCC/C=C\C/C=C\CCCCC)CCCCCCCC/C=C\C/C=C\CCCCC)=O)NC1=O
HZ-378,,,,O=C(N[C@H]1COC(CCN(CCCCCCCCCC/C=C\CCCC)CCCCCCCCCC/C=C\CCCC)=O)[C@H](COC(CCN(CCCCCCCCCC/C=C\CCCC)CCCCCCCCCC/C=C\CCCC)=O)NC1=O
HZ-379,,,,O=C(N[C@H]1COC(CCCN(CCCCCCCCCCCC)CCCCCCCCCCCC)=O)[C@H](COC(CCCN(CCCCCCCCCCCC)CCCCCCCCCCCC)=O)NC1=O
HZ-380,,,,O=C(N[C@H]1COC(CCCN(CCCCCCCCCC)CCCCCCCCCC)=O)[C@H](COC(CCCN(CCCCCCCCCC)CCCCCCCCCC)=O)NC1=O
HZ-381,,,,O=C(N[C@H]1COC(CCCN(CCCCCCCC/C=C\C/C=C\CCCCC)CCCCCCCC/C=C\C/C=C\CCCCC)=O)[C@H](COC(CCCN(CCCCCCCC/C=C\C/C=C\CCCCC)CCCCCCCC/C=C\C/C=C\CCCCC)=O)NC1=O
HZ-382,,,,O=C(N[C@H]1COC(CCCN(CCCCCCCCCC/C=C\CCCC)CCCCCCCCCC/C=C\CCCC)=O)[C@H](COC(CCCN(CCCCCCCCCC/C=C\CCCC)CCCCCCCCCC/C=C\CCCC)=O)NC1=O
KB-09,,,,O[C@@H](CCCCCCCCC)CN(C[C@H](CCCCCCCCC)O)CCN1CCN(CCN(C[C@@H](O)CCCCCCCCC)CCN(C[C@H](O)CCCCCCCCC)C[C@H](CCCCCCCCC)O)CC1
KB-10,,,,O[C@@H](CCCCCCCCCC)CN(C[C@H](CCCCCCCCCC)O)CCN1CCN(CCN(C[C@@H](O)CCCCCCCCCC)CCN(C[C@H](O)CCCCCCCCCC)C[C@H](CCCCCCCCCC)O)CC1
KB-108,,,,O[C@@H](CCCCCCCCCC)CN(C[C@H](CCCCCCCCCC)O)CCN1CCN(CCN(C[C@@H](O)CCCCCCCCCC)CCN(C[C@H](O)CCCCCCCCCC)C[C@H](CCCCCCCCCC)O)CC1
KB-109,,,,O[C@@H](CCCCCCCCCCCCC)CN(C[C@H](CCCCCCCCCCCCC)O)CCN1CCN(CCN(C[C@@H](O)CCCCCCCCCCCCC)CCN(C[C@H](O)CCCCCCCCCCCCC)C[C@H](CCCCCCCCCCCCC)O)CC1
KB-11,,,,O[C@@H](CCCCCCCCCCCC)CN(C[C@H](CCCCCCCCCCCC)O)CCN1CCN(CCN(C[C@H](CCCCCCCCCCCC)O)CCN(C[C@H](O)CCCCCCCCCCCC)C[C@H](CCCCCCCCCCCC)O)CC1
KB-110,,,,O[C@H](CCCCCCCCCC)CN(C[C@@H](CCCCCCCCCC)O)CCN1CCN(CCN(C[C@@H](CCCCCCCCCC)O)CCN(C[C@@H](O)CCCCCCCCCC)C[C@@H](CCCCCCCCCC)O)CC1
KB-111,,,,O[C@H](CCCCCCCCCCCCC)CN(C[C@@H](CCCCCCCCCCCCC)O)CCN1CCN(CCN(C[C@H](O)CCCCCCCCCCCCC)CCN(C[C@@H](O)CCCCCCCCCCCCC)C[C@@H](CCCCCCCCCCCCC)O)CC1
KB-112,,,,O[C@@H](CCCCCCCCC)CN(C[C@H](CCCCCCCCC)O)CCN1CCN(CCN(C[C@@H](O)CCCCCCCCC)CCN(C[C@H](O)CCCCCCCCC)C[C@H](CCCCCCCCC)O)CC1
KB-113,,,,O[C@H](CCCCCCCCC)CN(C[C@@H](CCCCCCCCC)O)CCN1CCN(CCN(C[C@H](O)CCCCCCCCC)CCN(C[C@@H](O)CCCCCCCCC)C[C@@H](CCCCCCCCC)O)CC1
KB-114,,,,O[C@@H](CCCCCCCCCCCC)CN(C[C@H](CCCCCCCCCCCC)O)CCN1CCN(CCN(C[C@H](CCCCCCCCCCCC)O)CCN(C[C@H](O)CCCCCCCCCCCC)C[C@H](CCCCCCCCCCCC)O)CC1
KB-115,,,,O[C@H](CCCCCCCCCCCC)CN(C[C@@H](CCCCCCCCCCCC)O)CCN1CCN(CCN(C[C@H](O)CCCCCCCCCCCC)CCN(C[C@@H](O)CCCCCCCCCCCC)C[C@@H](CCCCCCCCCCCC)O)CC1
KB-12,,,,O[C@@H](CCCCCCCCCCCCC)CN(C[C@H](CCCCCCCCCCCCC)O)CCN1CCN(CCN(C[C@@H](O)CCCCCCCCCCCCC)CCN(C[C@H](O)CCCCCCCCCCCCC)C[C@H](CCCCCCCCCCCCC)O)CC1
KB-13,,,,O[C@H](CCCCCCCCC)CN(C[C@@H](CCCCCCCCC)O)CCN1CCN(CCN(C[C@H](O)CCCCCCCCC)CCN(C[C@@H](O)CCCCCCCCC)C[C@@H](CCCCCCCCC)O)CC1
KB-14,,,,O[C@H](CCCCCCCCCC)CN(C[C@@H](CCCCCCCCCC)O)CCN1CCN(CCN(C[C@@H](CCCCCCCCCC)O)CCN(C[C@@H](O)CCCCCCCCCC)C[C@@H](CCCCCCCCCC)O)CC1
KB-15,,,,O[C@H](CCCCCCCCCCCC)CN(C[C@@H](CCCCCCCCCCCC)O)CCN1CCN(CCN(C[C@H](O)CCCCCCCCCCCC)CCN(C[C@@H](O)CCCCCCCCCCCC)C[C@@H](CCCCCCCCCCCC)O)CC1
KB-16,,,,O[C@H](CCCCCCCCCCCCC)CN(C[C@@H](CCCCCCCCCCCCC)O)CCN1CCN(CCN(C[C@H](O)CCCCCCCCCCCCC)CCN(C[C@@H](O)CCCCCCCCCCCCC)C[C@@H](CCCCCCCCCCCCC)O)CC1
KC-32,,,,O=C1N[C@H](CCC(NCCN(CCCCCCCCCCCCC)CCCCCCCCCCCCC)=O)C(N[C@@H]1CCC(NCCN(CCCCCCCCCCCCC)CCCCCCCCCCCCC)=O)=O
KC-34,,,,O=C1N[C@H](CCC(NCCN(CCCCCCCCC)CCCCCCCCC)=O)C(N[C@@H]1CCC(NCCN(CCCCCCCCC)CCCCCCCCC)=O)=O
KC-35,,,,O=C1N[C@H](CCC(NCCN(CCCCCCCCCCCCCCC)CCCCCCCCCCCCCCC)=O)C(N[C@@H]1CCC(NCCN(CCCCCCCCCCCCCCC)CCCCCCCCCCCCCCC)=O)=O
KC-36,,,,O=C1N[C@H](CCC(NCCCN(CCCCCCCCCCC)CCCCCCCCCCC)=O)C(N[C@@H]1CCC(NCCCN(CCCCCCCCCCC)CCCCCCCCCCC)=O)=O
KC-37,,,,O=C1N[C@H](CCC(NCCCN(CCCCCCCCC)CCCCCCCCC)=O)C(N[C@@H]1CCC(NCCCN(CCCCCCCCC)CCCCCCCCC)=O)=O
KC-38,,,,O=C1N[C@H](CCC(NCCCN(CCCCCCCCCCCCCCCC)CCCCCCCCCCCCCCCC)=O)C(N[C@@H]1CCC(NCCCN(CCCCCCCCCCCCCCCC)CCCCCCCCCCCCCCCC)=O)=O
KC-39,,,,O=C1N[C@H](CCC(NCCCN(CCCCCCCCCCCCCC)CCCCCCCCCCCCCC)=O)C(N[C@@H]1CCC(NCCCN(CCCCCCCCCCCCCC)CCCCCCCCCCCCCC)=O)=O
KC-41,,,,O=C1N[C@H](CCC(NCCN(CCCCCCCCCCC)CCCCCCCCCCC)=O)C(N[C@@H]1CCC(NCCN(CCCCCCCCCCC)CCCCCCCCCCC)=O)=O
KC-58,,,,O=C(C1CCC(C(NCCN(CCCCCCCCCCCCC)CCCCCCCCCCCCC)=O)CC1)NCCN(CCCCCCCCCCCCC)CCCCCCCCCCCCC
KC-59,,,,O=C(C1CCC(C(NCCN(CCCCCCCCC)CCCCCCCCC)=O)CC1)NCCN(CCCCCCCCC)CCCCCCCCC
KC-60,,,,O=C(C1CCC(C(NCCN(CCCCCCCCCCCCCCCC)CCCCCCCCCCCCCCCC)=O)CC1)NCCN(CCCCCCCCCCCCCCCC)CCCCCCCCCCCCCCCC
KC-61,,,,O=C(C1CCC(C(NCCN(CCCCCCCCCCC)CCCCCCCCCCC)=O)CC1)NCCN(CCCCCCCCCCC)CCCCCCCCCCC
KC-62,,,,O=C(C1CCC(C(NCCCN(CCCCCCCCC)CCCCCCCCC)=O)CC1)NCCCN(CCCCCCCCC)CCCCCCCCC
KC-63,,,,O=C(C1CCC(C(NCCCN(CCCCCCCCCCC)CCCCCCCCCCC)=O)CC1)NCCCN(CCCCCCCCCCC)CCCCCCCCCCC
DDAB,,,,CCCCCCCCCCCC[N+]CCCCCCCCCCCC.C
GL67,,,,CC(CCC[C@@H](C)[C@@H](CCC1C2CC=C3C[C@H](CC4)OC(N(CCC[NH3+])CCCC[NH2+]CCC[NH3+])=O)[C@]1(CCC2[C@]34C)C)C
18:1 EPC,,,,O=P(OCC[N+](C)(C)C)(OC[C@]([H])(OC(CCCCCCC/C=C\CCCCCCCC)=O)COC(CCCCCCC/C=C\CCCCCCCC)=O)OCC.[Cl-]
18:1 Lyso PE,,,,O[C@](COP([O-])(OCC[NH3+])=O)([H])COC(CCCCCCC/C=C\CCCCCCCC)=O
DMGPEG2000,,,,O=C(CCCCCCCCCCCCC)OCC(OC(CCCCCCCCCCCCC)=O)COCCOCCOC
DSGPEG2000,,,,O=C(CCCCCCCCCCCCCCCCC)OCC(OC(CCCCCCCCCCCCCCCCC)=O)COCCOCCOC
cKK-E12,,,,O=C(NC1CCCCN(CC(CCCCCCCCCC)O)CC(O)CCCCCCCCCC)C(CCCCN(CC(O)CCCCCCCCCC)CC(CCCCCCCCCC)O)NC1=O
cKK-E15,,,,O=C(NC1CCCCN(CC(CCCCCCCCCCCCC)O)CC(O)CCCCCCCCCCCCC)C(CCCCN(CC(O)CCCCCCCCCCCCC)CC(CCCCCCCCCCCCC)O)NC1=O
SM-102,,,,OCCN(CCCCCCCC(OC(CCCCCCCC)CCCCCCCC)=O)CCCCCC(OCCCCCCCCCCC)=O
ALC-0315,,,,OCCCCN(CCCCCCOC(C(CCCCCC)CCCCCCCC)=O)CCCCCCOC(C(CCCCCC)CCCCCCCC)=O
DMG-PEG,,,,O=C(CCCCCCCCCCCCC)OCC(OC(CCCCCCCCCCCCC)=O)COCCOCCOCCOCCOCCOCCOCCOCCOCCOCCOCCOCCOCCOCCOCCOCCOCCOCCOCCOCCOCCOCCOCCOCCOCCOCCOCCOCCOCCOCCOCCOCCOCCOCCOCCOCCOCCOCCOCCOCCOCCOCCOCCOCCOCCOC
ALC-0159,,,,COCCOCC(N(CCCCCCCCCCCCCC)CCCCCCCCCCCCCC)=O